-- Idempotent GitHub activity import for Axel Fleureau.
-- Period: 2026-06-30 17:29 -> 2026-07-02 10:22 Europe/Rome.
-- Source: verified GitHub operational activity supplied by Axel.
-- Scope: 113 commits across 4 repositories, 39 files, approx +11856 / -3515 lines.

PRAGMA foreign_keys = ON;

INSERT INTO tasks (
  id, organization_id, project_id, assignee_member_id, title, description,
  status, priority, estimated_minutes, actual_minutes, due_at, created_at, updated_at,
  column_id, client_id, client_name, work_mode, type, score, rich_description, assignee_name,
  tags_json, attachments_json, comments_json, sub_items_json, created_by_member_id,
  assignment_status, assignment_requested_by_member_id, assignment_requested_at, assignment_responded_at
)
VALUES
  (
    'task_axel_github_20260630_20260702_obs_control_room_shell',
    'org_demo_righello',
    'project_internal_obs_padel_stream_overlay',
    'mem_axel_wearerighello',
    '2026-06-30/2026-07-02 - OBS control room shell e studio',
    'Redesign shell studio/control room e layout desktop orientato a regia e produzione.',
    'done',
    'urgent',
    180,
    180,
    '2026-07-02T10:22:00.000Z',
    '2026-06-30T17:29:00.000Z',
    CURRENT_TIMESTAMP,
    'done',
    'client_internal_righello_ops',
    'Righello',
    'remote',
    'Live production / Control room',
    10,
    'Attivita GitHub verificata su OBS Padel Stream Overlay: redesign shell studio/control room con layout desktop piu orientato a regia e produzione.',
    'Axel Fleureau',
    '["github-real","2026-06-30","2026-07-02","obs-padel","control-room","remote"]',
    '[]',
    '[]',
    '[]',
    'mem_axel_wearerighello',
    'accepted',
    'mem_axel_wearerighello',
    '2026-06-30T17:29:00.000Z',
    '2026-07-02T10:22:00.000Z'
  ),
  (
    'task_axel_github_20260630_20260702_obs_multi_room_remotes',
    'org_demo_righello',
    'project_internal_obs_padel_stream_overlay',
    'mem_axel_wearerighello',
    '2026-06-30/2026-07-02 - OBS multi-room e remotes calcio',
    'Room context, archive/restore, palmare links, PIN attivo, handoff marker e remotes arbitro/cameraman/commentatore.',
    'done',
    'urgent',
    180,
    180,
    '2026-07-02T10:22:00.000Z',
    '2026-06-30T18:00:00.000Z',
    CURRENT_TIMESTAMP,
    'done',
    'client_internal_righello_ops',
    'Righello',
    'remote',
    'Football workflow',
    10,
    'Attivita GitHub verificata su OBS Padel Stream Overlay: workflow multi-room, palmare links, PIN attivo, handoff marker, feedback marker, correzioni, iconografia calcio e gerarchie UI piu semplici.',
    'Axel Fleureau',
    '["github-real","2026-06-30","2026-07-02","obs-padel","multi-room","remotes","remote"]',
    '[]',
    '[]',
    '[]',
    'mem_axel_wearerighello',
    'accepted',
    'mem_axel_wearerighello',
    '2026-06-30T18:00:00.000Z',
    '2026-07-02T10:22:00.000Z'
  ),
  (
    'task_axel_github_20260630_20260702_obs_render_football_pipeline',
    'org_demo_righello',
    'project_internal_obs_padel_stream_overlay',
    'mem_axel_wearerighello',
    '2026-06-30/2026-07-02 - OBS render football pipeline',
    'Scorebug, goal animation, red card indicator, replay badge, slow motion cap e rimozione artefatti.',
    'done',
    'urgent',
    165,
    165,
    '2026-07-02T10:22:00.000Z',
    '2026-07-01T09:00:00.000Z',
    CURRENT_TIMESTAMP,
    'done',
    'client_internal_righello_ops',
    'Righello',
    'remote',
    'Video automation',
    10,
    'Attivita GitHub verificata su OBS Padel Stream Overlay: miglioramento pipeline render football, scorebug, animazioni goal, indicatori red card/replay e cleanup artefatti.',
    'Axel Fleureau',
    '["github-real","2026-07-01","obs-padel","render","football","remote"]',
    '[]',
    '[]',
    '[]',
    'mem_axel_wearerighello',
    'accepted',
    'mem_axel_wearerighello',
    '2026-07-01T09:00:00.000Z',
    '2026-07-02T10:22:00.000Z'
  ),
  (
    'task_axel_github_20260630_20260702_obs_mac_vps_smoke',
    'org_demo_righello',
    'project_internal_obs_padel_stream_overlay',
    'mem_axel_wearerighello',
    '2026-06-30/2026-07-02 - OBS Mac hybrid app e VPS rooms',
    'Mac hybrid app, VPS rooms console superuser, smoke test palmare markers e comandi full-flow.',
    'done',
    'high',
    90,
    90,
    '2026-07-02T10:22:00.000Z',
    '2026-07-01T10:00:00.000Z',
    CURRENT_TIMESTAMP,
    'done',
    'client_internal_righello_ops',
    'Righello',
    'remote',
    'macOS app / Testing',
    9,
    'Attivita GitHub verificata su OBS Padel Stream Overlay: Mac hybrid app, pannello VPS rooms console per superuser, smoke test palmare markers e comandi full-flow produzione calcio.',
    'Axel Fleureau',
    '["github-real","2026-07-01","obs-padel","macos","vps","smoke-test","remote"]',
    '[]',
    '[]',
    '[]',
    'mem_axel_wearerighello',
    'accepted',
    'mem_axel_wearerighello',
    '2026-07-01T10:00:00.000Z',
    '2026-07-02T10:22:00.000Z'
  ),
  (
    'task_axel_github_20260630_20260702_revolut_cash_micro_probes',
    'org_demo_righello',
    'project_internal_revolut_crypto_scalper',
    'mem_axel_wearerighello',
    '2026-06-30/2026-07-02 - Revolut cash-rich e micro-probes',
    'Cash-rich probe, micro-probe, fresh scout buys e protezione da cleanup prematuro.',
    'done',
    'urgent',
    180,
    180,
    '2026-07-02T10:22:00.000Z',
    '2026-06-30T18:15:00.000Z',
    CURRENT_TIMESTAMP,
    'done',
    'client_internal_righello_ops',
    'Righello',
    'remote',
    'Trading automation',
    10,
    'Attivita GitHub verificata su Revolut Crypto Scalper: cash-rich probe, micro-probe, fresh scout buys, fresh micro probes e protezione da cleanup prematuro.',
    'Axel Fleureau',
    '["github-real","2026-06-30","2026-07-02","revolut","cash-rich-probes","risk","remote"]',
    '[]',
    '[]',
    '[]',
    'mem_axel_wearerighello',
    'accepted',
    'mem_axel_wearerighello',
    '2026-06-30T18:15:00.000Z',
    '2026-07-02T10:22:00.000Z'
  ),
  (
    'task_axel_github_20260630_20260702_revolut_execution_validation',
    'org_demo_righello',
    'project_internal_revolut_crypto_scalper',
    'mem_axel_wearerighello',
    '2026-06-30/2026-07-02 - Revolut execution validation',
    'Blocco relative strength con live technical deboli, residual loser cleanup e preflight persistenza ordine.',
    'done',
    'high',
    75,
    75,
    '2026-07-02T10:22:00.000Z',
    '2026-07-01T12:00:00.000Z',
    CURRENT_TIMESTAMP,
    'done',
    'client_internal_righello_ops',
    'Righello',
    'remote',
    'Risk management / Testing',
    9,
    'Attivita GitHub verificata su Revolut Crypto Scalper: blocco acquisti relative strength con live technical deboli, residual loser cleanup con conferme scanner, full-exit plan, preflight persistenza ordine e test buy guards/execution validation.',
    'Axel Fleureau',
    '["github-real","2026-07-01","revolut","execution-validation","tests","remote"]',
    '[]',
    '[]',
    '[]',
    'mem_axel_wearerighello',
    'accepted',
    'mem_axel_wearerighello',
    '2026-07-01T12:00:00.000Z',
    '2026-07-02T10:22:00.000Z'
  ),
  (
    'task_axel_github_20260630_20260702_righello_projects_page',
    'org_demo_righello',
    'project_internal_righello_site',
    'mem_axel_wearerighello',
    '2026-07-01 - Righello progetti proof-of-work page',
    'Rifattorizzazione pagina progetti, layout, performance e struttura visuale.',
    'done',
    'high',
    45,
    45,
    '2026-07-01T18:00:00.000Z',
    '2026-07-01T14:00:00.000Z',
    CURRENT_TIMESTAMP,
    'done',
    'client_internal_righello_ops',
    'Righello',
    'remote',
    'Frontend / Performance',
    8,
    'Attivita GitHub verificata su Righello Site: rifattorizzazione importante della pagina progetti, proof-of-work page, layout, performance e rimozione codice precedente.',
    'Axel Fleureau',
    '["github-real","2026-07-01","righello-site","proof-of-work","frontend","remote"]',
    '[]',
    '[]',
    '[]',
    'mem_axel_wearerighello',
    'accepted',
    'mem_axel_wearerighello',
    '2026-07-01T14:00:00.000Z',
    '2026-07-01T18:00:00.000Z'
  ),
  (
    'task_axel_github_20260630_20260702_portopiccolo_booking_images',
    'org_demo_righello',
    'project_internal_portopiccolo',
    'mem_axel_wearerighello',
    '2026-07-01 - Portopiccolo bookability e immagini Venezia',
    'Fix bookability Booking Engine e srcset immagine Venezia nella sezione momenti territorio.',
    'done',
    'medium',
    30,
    30,
    '2026-07-01T18:00:00.000Z',
    '2026-07-01T15:00:00.000Z',
    CURRENT_TIMESTAMP,
    'done',
    'client_rig_ppap',
    'Portopiccolo',
    'remote',
    'Booking / Frontend',
    7,
    'Attivita GitHub verificata su Portopiccolo: rispetto bookability Booking Engine nelle ricerche per data e correzione srcset immagine Venezia nella sezione momenti territorio.',
    'Axel Fleureau',
    '["github-real","2026-07-01","portopiccolo","booking-engine","images","remote"]',
    '[]',
    '[]',
    '[]',
    'mem_axel_wearerighello',
    'accepted',
    'mem_axel_wearerighello',
    '2026-07-01T15:00:00.000Z',
    '2026-07-01T18:00:00.000Z'
  )
ON CONFLICT(id) DO UPDATE SET
  project_id = excluded.project_id,
  assignee_member_id = excluded.assignee_member_id,
  title = excluded.title,
  description = excluded.description,
  status = excluded.status,
  priority = excluded.priority,
  estimated_minutes = excluded.estimated_minutes,
  actual_minutes = excluded.actual_minutes,
  due_at = excluded.due_at,
  updated_at = CURRENT_TIMESTAMP,
  column_id = excluded.column_id,
  client_id = excluded.client_id,
  client_name = excluded.client_name,
  work_mode = excluded.work_mode,
  type = excluded.type,
  score = excluded.score,
  rich_description = excluded.rich_description,
  assignee_name = excluded.assignee_name,
  tags_json = excluded.tags_json,
  assignment_status = excluded.assignment_status,
  assignment_requested_by_member_id = excluded.assignment_requested_by_member_id,
  assignment_requested_at = excluded.assignment_requested_at,
  assignment_responded_at = excluded.assignment_responded_at;

INSERT INTO time_entries (
  id, organization_id, member_id, task_id, project_id, client_id, entry_date,
  minutes, billable, note, work_mode, created_at, updated_at
)
VALUES
  ('time_axel_github_20260630_obs_control_room_shell', 'org_demo_righello', 'mem_axel_wearerighello', 'task_axel_github_20260630_20260702_obs_control_room_shell', 'project_internal_obs_padel_stream_overlay', 'client_internal_righello_ops', '2026-06-30', 90, 1, 'Consuntivo da attivita GitHub verificata: redesign control room shell e studio.', 'remote', CURRENT_TIMESTAMP, CURRENT_TIMESTAMP),
  ('time_axel_github_20260630_revolut_cash_micro_probes', 'org_demo_righello', 'mem_axel_wearerighello', 'task_axel_github_20260630_20260702_revolut_cash_micro_probes', 'project_internal_revolut_crypto_scalper', 'client_internal_righello_ops', '2026-06-30', 45, 1, 'Consuntivo da attivita GitHub verificata: avvio cash-rich/micro probes dopo report precedente.', 'remote', CURRENT_TIMESTAMP, CURRENT_TIMESTAMP),
  ('time_axel_github_20260701_obs_control_room_shell', 'org_demo_righello', 'mem_axel_wearerighello', 'task_axel_github_20260630_20260702_obs_control_room_shell', 'project_internal_obs_padel_stream_overlay', 'client_internal_righello_ops', '2026-07-01', 90, 1, 'Consuntivo da attivita GitHub verificata: control room e layout produzione.', 'remote', CURRENT_TIMESTAMP, CURRENT_TIMESTAMP),
  ('time_axel_github_20260701_obs_multi_room_remotes', 'org_demo_righello', 'mem_axel_wearerighello', 'task_axel_github_20260630_20260702_obs_multi_room_remotes', 'project_internal_obs_padel_stream_overlay', 'client_internal_righello_ops', '2026-07-01', 150, 1, 'Consuntivo da attivita GitHub verificata: multi-room, remotes e palmare calcio.', 'remote', CURRENT_TIMESTAMP, CURRENT_TIMESTAMP),
  ('time_axel_github_20260701_obs_render_football_pipeline', 'org_demo_righello', 'mem_axel_wearerighello', 'task_axel_github_20260630_20260702_obs_render_football_pipeline', 'project_internal_obs_padel_stream_overlay', 'client_internal_righello_ops', '2026-07-01', 120, 1, 'Consuntivo da attivita GitHub verificata: scorebug, goal animation, replay e slow motion cap.', 'remote', CURRENT_TIMESTAMP, CURRENT_TIMESTAMP),
  ('time_axel_github_20260701_obs_mac_vps_smoke', 'org_demo_righello', 'mem_axel_wearerighello', 'task_axel_github_20260630_20260702_obs_mac_vps_smoke', 'project_internal_obs_padel_stream_overlay', 'client_internal_righello_ops', '2026-07-01', 90, 1, 'Consuntivo da attivita GitHub verificata: Mac hybrid app, VPS rooms console e smoke test.', 'remote', CURRENT_TIMESTAMP, CURRENT_TIMESTAMP),
  ('time_axel_github_20260701_revolut_cash_micro_probes', 'org_demo_righello', 'mem_axel_wearerighello', 'task_axel_github_20260630_20260702_revolut_cash_micro_probes', 'project_internal_revolut_crypto_scalper', 'client_internal_righello_ops', '2026-07-01', 105, 1, 'Consuntivo da attivita GitHub verificata: cash-rich probe, fresh scout buys e cleanup protection.', 'remote', CURRENT_TIMESTAMP, CURRENT_TIMESTAMP),
  ('time_axel_github_20260701_revolut_execution_validation', 'org_demo_righello', 'mem_axel_wearerighello', 'task_axel_github_20260630_20260702_revolut_execution_validation', 'project_internal_revolut_crypto_scalper', 'client_internal_righello_ops', '2026-07-01', 75, 1, 'Consuntivo da attivita GitHub verificata: execution validation, residual loser cleanup e test.', 'remote', CURRENT_TIMESTAMP, CURRENT_TIMESTAMP),
  ('time_axel_github_20260701_righello_projects_page', 'org_demo_righello', 'mem_axel_wearerighello', 'task_axel_github_20260630_20260702_righello_projects_page', 'project_internal_righello_site', 'client_internal_righello_ops', '2026-07-01', 45, 1, 'Consuntivo da attivita GitHub verificata: pagina progetti proof-of-work e performance.', 'remote', CURRENT_TIMESTAMP, CURRENT_TIMESTAMP),
  ('time_axel_github_20260701_portopiccolo_booking_images', 'org_demo_righello', 'mem_axel_wearerighello', 'task_axel_github_20260630_20260702_portopiccolo_booking_images', 'project_internal_portopiccolo', 'client_rig_ppap', '2026-07-01', 30, 1, 'Consuntivo da attivita GitHub verificata: bookability Booking Engine e srcset Venezia.', 'remote', CURRENT_TIMESTAMP, CURRENT_TIMESTAMP),
  ('time_axel_github_20260702_obs_multi_room_remotes', 'org_demo_righello', 'mem_axel_wearerighello', 'task_axel_github_20260630_20260702_obs_multi_room_remotes', 'project_internal_obs_padel_stream_overlay', 'client_internal_righello_ops', '2026-07-02', 30, 1, 'Consuntivo da attivita GitHub verificata: rifiniture multi-room/remotes mattina 2 luglio.', 'remote', CURRENT_TIMESTAMP, CURRENT_TIMESTAMP),
  ('time_axel_github_20260702_obs_render_football_pipeline', 'org_demo_righello', 'mem_axel_wearerighello', 'task_axel_github_20260630_20260702_obs_render_football_pipeline', 'project_internal_obs_padel_stream_overlay', 'client_internal_righello_ops', '2026-07-02', 45, 1, 'Consuntivo da attivita GitHub verificata: rifiniture render football mattina 2 luglio.', 'remote', CURRENT_TIMESTAMP, CURRENT_TIMESTAMP),
  ('time_axel_github_20260702_revolut_cash_micro_probes', 'org_demo_righello', 'mem_axel_wearerighello', 'task_axel_github_20260630_20260702_revolut_cash_micro_probes', 'project_internal_revolut_crypto_scalper', 'client_internal_righello_ops', '2026-07-02', 30, 1, 'Consuntivo da attivita GitHub verificata: controlli micro-probe mattina 2 luglio.', 'remote', CURRENT_TIMESTAMP, CURRENT_TIMESTAMP)
ON CONFLICT(id) DO UPDATE SET
  task_id = excluded.task_id,
  project_id = excluded.project_id,
  client_id = excluded.client_id,
  entry_date = excluded.entry_date,
  minutes = excluded.minutes,
  billable = excluded.billable,
  note = excluded.note,
  work_mode = excluded.work_mode,
  updated_at = CURRENT_TIMESTAMP;

INSERT INTO work_days (
  id, organization_id, member_id, entry_date, check_in_at, check_out_at,
  status, absence_reason, notes, created_at, updated_at
)
VALUES
  ('workday_axel_github_20260630_evening_normalized', 'org_demo_righello', 'mem_axel_wearerighello', '2026-06-30', '2026-06-30T09:00:00+02:00', '2026-06-30T19:45:00+02:00', 'closed', NULL, 'Normalizzato da consuntivi GitHub verificati 26-30 giugno e 30 giugno sera: 585 minuti netti.', CURRENT_TIMESTAMP, CURRENT_TIMESTAMP),
  ('workday_axel_github_20260701_normalized', 'org_demo_righello', 'mem_axel_wearerighello', '2026-07-01', '2026-07-01T09:00:00+02:00', '2026-07-01T21:45:00+02:00', 'closed', NULL, 'Normalizzato da consuntivo GitHub verificato 30 giugno sera - 2 luglio: 705 minuti netti.', CURRENT_TIMESTAMP, CURRENT_TIMESTAMP),
  ('workday_axel_github_20260702_open', 'org_demo_righello', 'mem_axel_wearerighello', '2026-07-02', '2026-07-02T09:00:00+02:00', NULL, 'open', NULL, 'Giornata aperta: consuntivo GitHub verificato fino alle 10:22 Europe/Rome, 105 minuti gia registrati.', CURRENT_TIMESTAMP, CURRENT_TIMESTAMP)
ON CONFLICT(organization_id, member_id, entry_date) DO UPDATE SET
  check_in_at = excluded.check_in_at,
  check_out_at = excluded.check_out_at,
  status = excluded.status,
  absence_reason = excluded.absence_reason,
  notes = excluded.notes,
  updated_at = CURRENT_TIMESTAMP;

UPDATE tasks
SET actual_minutes = (
  SELECT COALESCE(SUM(time_entries.minutes), 0)
  FROM time_entries
  WHERE time_entries.organization_id = tasks.organization_id
    AND time_entries.task_id = tasks.id
),
updated_at = CURRENT_TIMESTAMP
WHERE organization_id = 'org_demo_righello'
  AND assignee_member_id = 'mem_axel_wearerighello'
  AND id IN (
    'task_axel_github_20260630_20260702_obs_control_room_shell',
    'task_axel_github_20260630_20260702_obs_multi_room_remotes',
    'task_axel_github_20260630_20260702_obs_render_football_pipeline',
    'task_axel_github_20260630_20260702_obs_mac_vps_smoke',
    'task_axel_github_20260630_20260702_revolut_cash_micro_probes',
    'task_axel_github_20260630_20260702_revolut_execution_validation',
    'task_axel_github_20260630_20260702_righello_projects_page',
    'task_axel_github_20260630_20260702_portopiccolo_booking_images'
  );
