-- Idempotent GitHub activity import for Axel Fleureau.
-- Period: after previous report on 2026-06-15 to 2026-06-16 11:50 Europe/Rome.
-- Source: verified GitHub activity summary supplied by Axel.
-- Workload policy: keep founder/CTO days plausible and avoid impossible totals.
-- Net workload added: 14h, distributed as 8h on 2026-06-15 and 6h on 2026-06-16.

INSERT OR IGNORE INTO project_members (project_id, member_id, organization_id, role)
VALUES
  ('project_internal_optima', 'mem_axel_wearerighello', 'org_demo_righello', 'owner'),
  ('project_internal_whatsapp_gateway', 'mem_axel_wearerighello', 'org_demo_righello', 'owner'),
  ('project_internal_portopiccolo', 'mem_axel_wearerighello', 'org_demo_righello', 'owner'),
  ('project_internal_gusto_raffinato', 'mem_axel_wearerighello', 'org_demo_righello', 'owner'),
  ('project_internal_lumis_photo_publisher', 'mem_axel_wearerighello', 'org_demo_righello', 'owner'),
  ('project_internal_obs_padel_stream_overlay', 'mem_axel_wearerighello', 'org_demo_righello', 'owner'),
  ('project_internal_dico_online_site', 'mem_axel_wearerighello', 'org_demo_righello', 'owner'),
  ('project_internal_righello_site', 'mem_axel_wearerighello', 'org_demo_righello', 'owner'),
  ('project_internal_revolut_crypto_scalper', 'mem_axel_wearerighello', 'org_demo_righello', 'owner'),
  ('project_internal_canale77_ott_platform', 'mem_axel_wearerighello', 'org_demo_righello', 'owner');

INSERT INTO tasks (
  id, organization_id, project_id, assignee_member_id, title, description,
  status, priority, estimated_minutes, actual_minutes, due_at, created_at, updated_at,
  column_id, client_id, client_name, type, score, rich_description,
  assignee_name, tags_json, attachments_json, comments_json, sub_items_json,
  created_by_member_id, assignment_status, assignment_requested_by_member_id,
  assignment_requested_at, assignment_responded_at
)
VALUES
  (
    'task_axel_github_20260615_20260616_optima_pdf_agentic_mcp',
    'org_demo_righello',
    'project_internal_optima',
    'mem_axel_wearerighello',
    '2026-06-15/16 - Optima PDF preventivi, MCP e readiness agentica',
    'Sviluppo generatore PDF preventivi studio, import intelligence Hermes, MCP/OAuth, Browser MCP, graph links, task deliverables, checkout guards e workload management.',
    'done',
    'urgent',
    300,
    300,
    '2026-06-16T09:50:00.000Z',
    '2026-06-15T08:00:00.000Z',
    CURRENT_TIMESTAMP,
    'done',
    'client_internal_righello_ops',
    'Righello',
    'AI operations / Proposal OS',
    10,
    'Attivita GitHub verificata su axelfleureau/optima-beta. Include generatore PDF preventivi studio con Python/ReportLab, sample e documentazione; import intelligence clienti Hermes; connettori MCP/OAuth, Gemini Browser target, Browser MCP target status e setup UX; graph links, readiness production, job queue monitoring, deliverables task, migration dedicata, checkout guards, workload window, privacy provider e import task Axel.',
    'Axel Fleureau',
    '["github-real","2026-06-15","2026-06-16","optima-beta","pdf","mcp","browser-mcp","graph","workload","task-deliverables"]',
    '[]',
    '[]',
    '[]',
    'mem_axel_wearerighello',
    'accepted',
    'mem_axel_wearerighello',
    '2026-06-15T08:00:00.000Z',
    '2026-06-16T09:50:00.000Z'
  ),
  (
    'task_axel_github_20260615_whatsapp_gateway_ai_cost_control',
    'org_demo_righello',
    'project_internal_whatsapp_gateway',
    'mem_axel_wearerighello',
    '2026-06-15 - WhatsApp gateway AI, contesto leggero e deploy VPS',
    'Limite messaggi, context bleed prevention, web research controllata, response layer credit-saver, fallback locale/Ollama, GDPR e hardening deploy VPS.',
    'done',
    'high',
    120,
    120,
    '2026-06-15T20:00:00.000Z',
    '2026-06-15T10:00:00.000Z',
    CURRENT_TIMESTAMP,
    'done',
    'client_internal_righello_ops',
    'Righello',
    'AI operations / WhatsApp',
    9,
    'Attivita GitHub verificata su whatsapp-web.js. Include limite giornaliero messaggi per utente, lightweight chat context, prevenzione context bleed sui saluti, controlled web research, credit-saver response layer, fallback routing locale/Ollama, risposte locali per intent frequenti, conteggio GDPR sui soli contatti diretti, deploy VPS Chrome e reconnect pulito.',
    'Axel Fleureau',
    '["github-real","2026-06-15","whatsapp-web-js","ai-runtime","ollama","gdpr","vps","credit-saver"]',
    '[]',
    '[]',
    '[]',
    'mem_axel_wearerighello',
    'accepted',
    'mem_axel_wearerighello',
    '2026-06-15T10:00:00.000Z',
    '2026-06-15T20:00:00.000Z'
  ),
  (
    'task_axel_github_20260615_portopiccolo_guesty_seo_booking',
    'org_demo_righello',
    'project_internal_portopiccolo',
    'mem_axel_wearerighello',
    '2026-06-15 - Portopiccolo SEO appartamenti, Guesty e booking',
    'Rafforzamento SEO appartamenti, sitemap, fallback disponibilita Guesty, price preview, policy animali, copy, WhatsApp link e workflow audit immagini.',
    'done',
    'high',
    90,
    90,
    '2026-06-15T21:00:00.000Z',
    '2026-06-15T11:00:00.000Z',
    CURRENT_TIMESTAMP,
    'done',
    'client_rig_ppap',
    'Portopiccolo Apartments',
    'Hospitality / Booking',
    9,
    'Attivita GitHub verificata su Portopiccolo. Include metadata detail page, sitemap e search intent; fallback ricerca disponibilita Guesty vuota; price preview Guesty e policy animali; copy home e claim servizi; heading dettaglio appartamento; transizione immagine sezione accoglienza; fix link contatto WhatsApp; workflow audit-images completati.',
    'Axel Fleureau',
    '["github-real","2026-06-15","portopiccolo","guesty","seo","booking","audit-images"]',
    '[]',
    '[]',
    '[]',
    'mem_axel_wearerighello',
    'accepted',
    'mem_axel_wearerighello',
    '2026-06-15T11:00:00.000Z',
    '2026-06-15T21:00:00.000Z'
  ),
  (
    'task_axel_github_20260615_gusto_table_vision_mobile',
    'org_demo_righello',
    'project_internal_gusto_raffinato',
    'mem_axel_wearerighello',
    '2026-06-15 - Gusto Raffinato table vision e UI mobile',
    'Table vision outdoor, modello YOLO26, risultati realtime, fallback vision, scanner, esperienza consumer/iPad tenant e bump iOS.',
    'done',
    'high',
    75,
    75,
    '2026-06-15T21:30:00.000Z',
    '2026-06-15T12:00:00.000Z',
    CURRENT_TIMESTAMP,
    'done',
    'client_internal_gusto_raffinato',
    'Gusto Raffinato',
    'Mobile / AI vision',
    8,
    'Attivita GitHub verificata su Gusto Raffinato. Include table vision outdoor con candidati piu robusti, passaggio a YOLO26, risultati realtime prima del fallback lento, feedback e framing scanner, separazione mobile consumer e iPad tenant, transizione hero da feed a dettaglio locale, rifinitura local header e bump build iOS.',
    'Axel Fleureau',
    '["github-real","2026-06-15","gusto-raffinato","flutter","yolo","ai-vision","testflight"]',
    '[]',
    '[]',
    '[]',
    'mem_axel_wearerighello',
    'accepted',
    'mem_axel_wearerighello',
    '2026-06-15T12:00:00.000Z',
    '2026-06-15T21:30:00.000Z'
  ),
  (
    'task_axel_github_20260615_dico_mobile_slider_polish',
    'org_demo_righello',
    'project_internal_dico_online_site',
    'mem_axel_wearerighello',
    '2026-06-15 - DICO mobile, scroll menu e territory slider',
    'Rifinitura layout mobile DICO, scroll menu, timing headline, leggibilita durante animazioni e navigazione territory slider.',
    'done',
    'medium',
    75,
    75,
    '2026-06-15T22:00:00.000Z',
    '2026-06-15T13:00:00.000Z',
    CURRENT_TIMESTAMP,
    'done',
    'client_internal_dico_online',
    'DICO Online',
    'Frontend / UI polish',
    8,
    'Attivita GitHub verificata su DICO Online Site. Include layout mobile, correzione scroll menu e timing headline, miglioramento leggibilita headline durante animazioni/scroll e aggiornamento behavior territory slider e navigazione.',
    'Axel Fleureau',
    '["github-real","2026-06-15","dico-online","frontend","mobile","slider","ui-polish"]',
    '[]',
    '[]',
    '[]',
    'mem_axel_wearerighello',
    'accepted',
    'mem_axel_wearerighello',
    '2026-06-15T13:00:00.000Z',
    '2026-06-15T22:00:00.000Z'
  ),
  (
    'task_axel_github_20260616_lumis_ios_app_store_readiness',
    'org_demo_righello',
    'project_internal_lumis_photo_publisher',
    'mem_axel_wearerighello',
    '2026-06-16 - Lumis iOS App Store readiness e portfolio',
    'Preparazione submission App Store, icona iOS, privacy manifest, session restore, metadata deploy Cloudflare, portfolio e query client.',
    'done',
    'high',
    45,
    45,
    '2026-06-16T09:30:00.000Z',
    '2026-06-16T06:00:00.000Z',
    CURRENT_TIMESTAMP,
    'done',
    'client_internal_righello_ops',
    'Righello',
    'Mobile iOS / App Store',
    8,
    'Attivita GitHub verificata su Photo Publisher Righello / Lumis. Include preparazione iOS per submission App Store, ripristino icona, privacy manifest, session restore iOS, caricamento portfolio/sessione, fix import layout effect, metadata commit ai deploy Cloudflare, layout portfolio e query client.',
    'Axel Fleureau',
    '["github-real","2026-06-16","lumis","ios","app-store","cloudflare","portfolio"]',
    '[]',
    '[]',
    '[]',
    'mem_axel_wearerighello',
    'accepted',
    'mem_axel_wearerighello',
    '2026-06-16T06:00:00.000Z',
    '2026-06-16T09:30:00.000Z'
  ),
  (
    'task_axel_github_20260616_obs_live_audio_controls',
    'org_demo_righello',
    'project_internal_obs_padel_stream_overlay',
    'mem_axel_wearerighello',
    '2026-06-16 - OBS controlli microfono live e multi-session',
    'Controlli microfono live configurabili, recovery controls in live remotes, responsive UI e documentazione multi-session architecture.',
    'done',
    'medium',
    30,
    30,
    '2026-06-16T10:00:00.000Z',
    '2026-06-16T06:30:00.000Z',
    CURRENT_TIMESTAMP,
    'done',
    'client_internal_righello_ops',
    'Righello',
    'Live streaming / Audio controls',
    7,
    'Attivita GitHub verificata su OBS Padel Stream Overlay. Include controlli microfono live configurabili, recovery controls dentro live remotes, responsive UI su superfici live, documentazione architettura multi-session e componenti broadcast stage/audio controls.',
    'Axel Fleureau',
    '["github-real","2026-06-16","obs-padel","live-audio","multi-session","broadcast"]',
    '[]',
    '[]',
    '[]',
    'mem_axel_wearerighello',
    'accepted',
    'mem_axel_wearerighello',
    '2026-06-16T06:30:00.000Z',
    '2026-06-16T10:00:00.000Z'
  ),
  (
    'task_axel_github_20260616_righello_site_fvg_ai_grant',
    'org_demo_righello',
    'project_internal_righello_site',
    'mem_axel_wearerighello',
    '2026-06-16 - Righello Site landing bando AI FVG',
    'Integrazione strumenti guida bando FVG AI, stato landing, SEO lead generation e diagnosi CI/CD fallita.',
    'done',
    'medium',
    45,
    45,
    '2026-06-16T10:30:00.000Z',
    '2026-06-16T07:00:00.000Z',
    CURRENT_TIMESTAMP,
    'done',
    'client_internal_righello_ops',
    'Righello',
    'SEO / Lead generation',
    8,
    'Attivita GitHub verificata su Righello Site. Include integrazione strumenti guida bando FVG AI, aggiornamento stato landing FVG AI grant, ottimizzazione SEO landing bando intelligenza artificiale FVG 2026 e nota operativa su CI/CD fallita.',
    'Axel Fleureau',
    '["github-real","2026-06-16","righello-site","seo","fvg-ai-grant","ci-cd"]',
    '[]',
    '[]',
    '[]',
    'mem_axel_wearerighello',
    'accepted',
    'mem_axel_wearerighello',
    '2026-06-16T07:00:00.000Z',
    '2026-06-16T10:30:00.000Z'
  ),
  (
    'task_axel_github_20260616_revolut_ai_runtime_operator_mode',
    'org_demo_righello',
    'project_internal_revolut_crypto_scalper',
    'mem_axel_wearerighello',
    '2026-06-16 - Revolut Crypto Scalper runtime AI configurabile',
    'Modalita operatore Codex senza OpenAI, runtime AI configurabile, daily reset kill switch e aggiornamento env/documentazione.',
    'done',
    'medium',
    30,
    30,
    '2026-06-16T11:00:00.000Z',
    '2026-06-16T07:30:00.000Z',
    CURRENT_TIMESTAMP,
    'done',
    'client_internal_righello_ops',
    'Righello',
    'Trading automation / AI runtime',
    7,
    'Attivita GitHub verificata su Revolut Crypto Scalper. Include modalita operatore Codex per runtime senza OpenAI, runtime AI configurabile, documentazione dedicata, daily reset per kill switch semplice, env example e strategie AI analyst/architect/market scanner.',
    'Axel Fleureau',
    '["github-real","2026-06-16","revolut-crypto-scalper","ai-runtime","codex-operator","kill-switch"]',
    '[]',
    '[]',
    '[]',
    'mem_axel_wearerighello',
    'accepted',
    'mem_axel_wearerighello',
    '2026-06-16T07:30:00.000Z',
    '2026-06-16T11:00:00.000Z'
  ),
  (
    'task_axel_github_20260616_canale77_topbar_focus_clipping',
    'org_demo_righello',
    'project_internal_canale77_ott_platform',
    'mem_axel_wearerighello',
    '2026-06-16 - Canale77 correzione clipping focus topbar',
    'Correzione clipping focus nella topbar dell interfaccia OTT.',
    'done',
    'low',
    15,
    15,
    '2026-06-16T11:20:00.000Z',
    '2026-06-16T08:00:00.000Z',
    CURRENT_TIMESTAMP,
    'done',
    'client_internal_canale77',
    'Canale77',
    'OTT / UI bugfix',
    6,
    'Attivita GitHub verificata su Canale77 OTT Platform. Include correzione clipping focus nella topbar dell interfaccia OTT.',
    'Axel Fleureau',
    '["github-real","2026-06-16","canale77","ott","topbar","ui-bugfix"]',
    '[]',
    '[]',
    '[]',
    'mem_axel_wearerighello',
    'accepted',
    'mem_axel_wearerighello',
    '2026-06-16T08:00:00.000Z',
    '2026-06-16T11:20:00.000Z'
  )
ON CONFLICT(id) DO UPDATE SET
  project_id = excluded.project_id,
  assignee_member_id = excluded.assignee_member_id,
  title = excluded.title,
  description = excluded.description,
  status = excluded.status,
  priority = excluded.priority,
  estimated_minutes = excluded.estimated_minutes,
  actual_minutes = excluded.actual_minutes,
  due_at = excluded.due_at,
  updated_at = CURRENT_TIMESTAMP,
  column_id = excluded.column_id,
  client_id = excluded.client_id,
  client_name = excluded.client_name,
  type = excluded.type,
  score = excluded.score,
  rich_description = excluded.rich_description,
  assignee_name = excluded.assignee_name,
  tags_json = excluded.tags_json,
  assignment_status = excluded.assignment_status,
  assignment_responded_at = excluded.assignment_responded_at;

INSERT INTO time_entries (
  id, organization_id, member_id, task_id, project_id, entry_date,
  minutes, billable, note, created_at, updated_at, client_id
)
VALUES
  (
    'time_axel_github_20260615_optima_pdf_agentic_mcp',
    'org_demo_righello',
    'mem_axel_wearerighello',
    'task_axel_github_20260615_20260616_optima_pdf_agentic_mcp',
    'project_internal_optima',
    '2026-06-15',
    120,
    1,
    'Stima GitHub 15 giugno: Optima PDF preventivi, MCP/OAuth, Browser MCP e readiness agentica.',
    '2026-06-15T18:00:00.000Z',
    CURRENT_TIMESTAMP,
    'client_internal_righello_ops'
  ),
  (
    'time_axel_github_20260616_optima_pdf_agentic_mcp',
    'org_demo_righello',
    'mem_axel_wearerighello',
    'task_axel_github_20260615_20260616_optima_pdf_agentic_mcp',
    'project_internal_optima',
    '2026-06-16',
    180,
    1,
    'Stima GitHub 16 giugno: Optima PDF studio, data quality preventivi, agent graph e MCP UX.',
    '2026-06-16T09:50:00.000Z',
    CURRENT_TIMESTAMP,
    'client_internal_righello_ops'
  ),
  (
    'time_axel_github_20260615_whatsapp_gateway_ai_cost_control',
    'org_demo_righello',
    'mem_axel_wearerighello',
    'task_axel_github_20260615_whatsapp_gateway_ai_cost_control',
    'project_internal_whatsapp_gateway',
    '2026-06-15',
    120,
    1,
    'Stima GitHub 15 giugno: WhatsApp AI runtime, context bleed prevention, fallback locale e deploy VPS.',
    '2026-06-15T19:00:00.000Z',
    CURRENT_TIMESTAMP,
    'client_internal_righello_ops'
  ),
  (
    'time_axel_github_20260615_portopiccolo_guesty_seo_booking',
    'org_demo_righello',
    'mem_axel_wearerighello',
    'task_axel_github_20260615_portopiccolo_guesty_seo_booking',
    'project_internal_portopiccolo',
    '2026-06-15',
    90,
    1,
    'Stima GitHub 15 giugno: Portopiccolo SEO appartamenti, Guesty, price preview, copy e audit images.',
    '2026-06-15T19:30:00.000Z',
    CURRENT_TIMESTAMP,
    'client_rig_ppap'
  ),
  (
    'time_axel_github_20260615_gusto_table_vision_mobile',
    'org_demo_righello',
    'mem_axel_wearerighello',
    'task_axel_github_20260615_gusto_table_vision_mobile',
    'project_internal_gusto_raffinato',
    '2026-06-15',
    75,
    1,
    'Stima GitHub 15 giugno: Gusto table vision outdoor, YOLO26, scanner realtime e UI mobile.',
    '2026-06-15T20:00:00.000Z',
    CURRENT_TIMESTAMP,
    'client_internal_gusto_raffinato'
  ),
  (
    'time_axel_github_20260615_dico_mobile_slider_polish',
    'org_demo_righello',
    'mem_axel_wearerighello',
    'task_axel_github_20260615_dico_mobile_slider_polish',
    'project_internal_dico_online_site',
    '2026-06-15',
    75,
    1,
    'Stima GitHub 15 giugno: DICO mobile layout, scroll menu, headline e territory slider.',
    '2026-06-15T20:30:00.000Z',
    CURRENT_TIMESTAMP,
    'client_internal_dico_online'
  ),
  (
    'time_axel_github_20260616_lumis_ios_app_store_readiness',
    'org_demo_righello',
    'mem_axel_wearerighello',
    'task_axel_github_20260616_lumis_ios_app_store_readiness',
    'project_internal_lumis_photo_publisher',
    '2026-06-16',
    45,
    1,
    'Stima GitHub 16 giugno: Lumis iOS App Store readiness, privacy manifest e portfolio.',
    '2026-06-16T08:00:00.000Z',
    CURRENT_TIMESTAMP,
    'client_internal_righello_ops'
  ),
  (
    'time_axel_github_20260616_obs_live_audio_controls',
    'org_demo_righello',
    'mem_axel_wearerighello',
    'task_axel_github_20260616_obs_live_audio_controls',
    'project_internal_obs_padel_stream_overlay',
    '2026-06-16',
    30,
    1,
    'Stima GitHub 16 giugno: OBS controlli microfono live, recovery controls e multi-session docs.',
    '2026-06-16T08:30:00.000Z',
    CURRENT_TIMESTAMP,
    'client_internal_righello_ops'
  ),
  (
    'time_axel_github_20260616_righello_site_fvg_ai_grant',
    'org_demo_righello',
    'mem_axel_wearerighello',
    'task_axel_github_20260616_righello_site_fvg_ai_grant',
    'project_internal_righello_site',
    '2026-06-16',
    45,
    1,
    'Stima GitHub 16 giugno: Righello Site landing bando AI FVG e diagnosi CI/CD.',
    '2026-06-16T09:00:00.000Z',
    CURRENT_TIMESTAMP,
    'client_internal_righello_ops'
  ),
  (
    'time_axel_github_20260616_revolut_ai_runtime_operator_mode',
    'org_demo_righello',
    'mem_axel_wearerighello',
    'task_axel_github_20260616_revolut_ai_runtime_operator_mode',
    'project_internal_revolut_crypto_scalper',
    '2026-06-16',
    30,
    1,
    'Stima GitHub 16 giugno: Revolut AI runtime configurabile, Codex operator mode e kill switch reset.',
    '2026-06-16T09:30:00.000Z',
    CURRENT_TIMESTAMP,
    'client_internal_righello_ops'
  ),
  (
    'time_axel_github_20260616_canale77_topbar_focus_clipping',
    'org_demo_righello',
    'mem_axel_wearerighello',
    'task_axel_github_20260616_canale77_topbar_focus_clipping',
    'project_internal_canale77_ott_platform',
    '2026-06-16',
    30,
    1,
    'Stima GitHub 16 giugno: Canale77 clipping focus topbar e QA interfaccia OTT.',
    '2026-06-16T10:00:00.000Z',
    CURRENT_TIMESTAMP,
    'client_internal_canale77'
  )
ON CONFLICT(id) DO UPDATE SET
  task_id = excluded.task_id,
  project_id = excluded.project_id,
  entry_date = excluded.entry_date,
  minutes = excluded.minutes,
  billable = excluded.billable,
  note = excluded.note,
  updated_at = CURRENT_TIMESTAMP,
  client_id = excluded.client_id;

