-- Idempotent GitHub activity import for Axel Fleureau.
-- Period: 2026-06-26 13:04 -> 2026-06-30 17:29 Europe/Rome.
-- Source: GitHub operational activity report supplied by Axel.
-- Scope: 350 commits across 8 repositories on main branches plus Tetha PR #1 updates.
-- Policy: import repository-level operational tasks and dated time entries,
-- so task counts and daily workload stay readable without one task per commit.

PRAGMA foreign_keys = ON;

INSERT INTO clients (id, organization_id, name, email, company, status, created_at, updated_at)
VALUES
  ('client_internal_righello_ops', 'org_demo_righello', 'Righello', NULL, 'Righello', 'active', '2026-05-22T08:00:00.000Z', CURRENT_TIMESTAMP),
  ('client_rig_ppap', 'org_demo_righello', 'Portopiccolo', NULL, 'Portopiccolo Apartments', 'active', '2026-05-22T08:00:00.000Z', CURRENT_TIMESTAMP),
  ('client_rig_ssvo', 'org_demo_righello', 'Solero Sport Village', NULL, 'Solero Sport Village', 'active', '2026-05-22T08:00:00.000Z', CURRENT_TIMESTAMP),
  ('client_rig_scuola_sci_piancavallo', 'org_demo_righello', 'Scuola Sci Piancavallo', NULL, 'Scuola Sci Piancavallo', 'active', '2026-06-26T13:04:00.000Z', CURRENT_TIMESTAMP)
ON CONFLICT(id) DO UPDATE SET
  name = excluded.name,
  company = excluded.company,
  status = excluded.status,
  updated_at = CURRENT_TIMESTAMP;

INSERT INTO projects (id, organization_id, client_id, name, status, budget_cents, starts_at, due_at, created_at, updated_at)
VALUES
  ('project_internal_revolut_crypto_scalper', 'org_demo_righello', 'client_internal_righello_ops', 'Revolut Crypto Scalper', 'active', 0, '2026-05-22T08:00:00.000Z', '2026-12-31T18:00:00.000Z', '2026-05-22T08:00:00.000Z', CURRENT_TIMESTAMP),
  ('project_internal_dico_online_site', 'org_demo_righello', 'client_internal_righello_ops', 'DICO Online Site', 'active', 0, '2026-06-21T08:38:00.000Z', '2026-12-31T18:00:00.000Z', '2026-06-21T08:38:00.000Z', CURRENT_TIMESTAMP),
  ('project_internal_whatsapp_gateway', 'org_demo_righello', 'client_internal_righello_ops', 'WhatsApp Web Gateway', 'active', 0, '2026-06-20T08:00:00.000Z', '2026-12-31T18:00:00.000Z', '2026-06-20T08:00:00.000Z', CURRENT_TIMESTAMP),
  ('project_internal_obs_padel_stream_overlay', 'org_demo_righello', 'client_internal_righello_ops', 'OBS Padel Stream Overlay', 'active', 0, '2026-05-22T08:00:00.000Z', '2026-12-31T18:00:00.000Z', '2026-05-22T08:00:00.000Z', CURRENT_TIMESTAMP),
  ('project_internal_solero_sport_village', 'org_demo_righello', 'client_rig_ssvo', 'Solero Sport Village', 'active', 0, '2026-05-22T08:00:00.000Z', '2026-12-31T18:00:00.000Z', '2026-05-22T08:00:00.000Z', CURRENT_TIMESTAMP),
  ('project_internal_portopiccolo', 'org_demo_righello', 'client_rig_ppap', 'Portopiccolo', 'active', 0, '2026-05-22T08:00:00.000Z', '2026-12-31T18:00:00.000Z', '2026-05-22T08:00:00.000Z', CURRENT_TIMESTAMP),
  ('project_internal_scuolasci_email_campaign_builder', 'org_demo_righello', 'client_rig_scuola_sci_piancavallo', 'Scuolasci Email Campaign Builder', 'active', 0, '2026-06-26T13:04:00.000Z', '2026-12-31T18:00:00.000Z', '2026-06-26T13:04:00.000Z', CURRENT_TIMESTAMP),
  ('project_internal_scuola_sci_piancavallo_sito', 'org_demo_righello', 'client_rig_scuola_sci_piancavallo', 'Scuola Sci Piancavallo Sito', 'active', 0, '2026-06-26T13:04:00.000Z', '2026-12-31T18:00:00.000Z', '2026-06-26T13:04:00.000Z', CURRENT_TIMESTAMP),
  ('project_internal_tetha', 'org_demo_righello', 'client_internal_righello_ops', 'Tetha', 'active', 0, '2026-05-22T08:00:00.000Z', '2026-12-31T18:00:00.000Z', '2026-05-22T08:00:00.000Z', CURRENT_TIMESTAMP)
ON CONFLICT(id) DO UPDATE SET
  client_id = excluded.client_id,
  name = excluded.name,
  status = excluded.status,
  updated_at = CURRENT_TIMESTAMP;

INSERT OR IGNORE INTO project_members (project_id, member_id, organization_id, role)
VALUES
  ('project_internal_revolut_crypto_scalper', 'mem_axel_wearerighello', 'org_demo_righello', 'owner'),
  ('project_internal_dico_online_site', 'mem_axel_wearerighello', 'org_demo_righello', 'owner'),
  ('project_internal_whatsapp_gateway', 'mem_axel_wearerighello', 'org_demo_righello', 'owner'),
  ('project_internal_obs_padel_stream_overlay', 'mem_axel_wearerighello', 'org_demo_righello', 'owner'),
  ('project_internal_solero_sport_village', 'mem_axel_wearerighello', 'org_demo_righello', 'owner'),
  ('project_internal_portopiccolo', 'mem_axel_wearerighello', 'org_demo_righello', 'owner'),
  ('project_internal_scuolasci_email_campaign_builder', 'mem_axel_wearerighello', 'org_demo_righello', 'owner'),
  ('project_internal_scuola_sci_piancavallo_sito', 'mem_axel_wearerighello', 'org_demo_righello', 'owner'),
  ('project_internal_tetha', 'mem_axel_wearerighello', 'org_demo_righello', 'owner');

INSERT INTO tasks (
  id, organization_id, project_id, assignee_member_id, title, description,
  status, priority, estimated_minutes, actual_minutes, due_at, created_at, updated_at,
  column_id, client_id, client_name, type, score, rich_description, assignee_name,
  tags_json, attachments_json, comments_json, sub_items_json, created_by_member_id,
  assignment_status, assignment_requested_by_member_id, assignment_requested_at, assignment_responded_at
)
VALUES
  (
    'task_axel_github_20260626_20260630_revolut_derisk_probe_runtime',
    'org_demo_righello',
    'project_internal_revolut_crypto_scalper',
    'mem_axel_wearerighello',
    'Revolut - derisk, probe lanes e runtime trading',
    'Grande ciclo di ottimizzazione trading automatico, risk management, probes, cost basis, fills e test di guardia.',
    'done',
    'urgent',
    840,
    840,
    '2026-06-30T17:29:00.000Z',
    '2026-06-26T13:04:00.000Z',
    CURRENT_TIMESTAMP,
    'done',
    'client_internal_righello_ops',
    'Righello',
    'Trading automation / Risk management',
    10,
    'Attivita GitHub verificata su Revolut Crypto Scalper: 179 commit nel periodo. Rafforzate logiche di derisk, profit lock, sell cooldown, scout exits e macro-stress handling. Aggiunti e tarati cash-rich probes, relative strength probes, breakout continuation, pullback probes e retest probe lane. Migliorata gestione cost basis, fills, PnL realizzato, partial fills e posizioni wallet-backed. Bloccati acquisti distruttivi o non qualificati in drawdown, macro stress, simboli recentemente perdenti o fonti in perdita. Migliorata reattivita scanner e ampliati test su worker buy guards, market scanner, execution fills, cost basis e strategy guards.',
    'Axel Fleureau',
    '["github-real","2026-06-26","2026-06-30","revolut-crypto-scalper","trading","derisk","probe-lanes","cost-basis","tests"]',
    '[]',
    '[]',
    '[]',
    'mem_axel_wearerighello',
    'accepted',
    'mem_axel_wearerighello',
    '2026-06-26T13:04:00.000Z',
    '2026-06-30T17:29:00.000Z'
  ),
  (
    'task_axel_github_20260626_20260630_dico_readiness_rights_seo',
    'org_demo_righello',
    'project_internal_dico_online_site',
    'mem_axel_wearerighello',
    'DICO - readiness pubblica, image rights e SEO',
    'Rifinitura pre/post meeting, audit diritti immagini, SEO, structured data, mobile layout e contenuti pubblici.',
    'done',
    'high',
    540,
    540,
    '2026-06-30T17:29:00.000Z',
    '2026-06-26T13:15:00.000Z',
    CURRENT_TIMESTAMP,
    'done',
    'client_internal_righello_ops',
    'Righello',
    'Frontend / SEO / Content governance',
    9,
    'Attivita GitHub verificata su DICO Online Site: 88 commit. Pulizia asset e diritti immagine con audit, allowlist, rimozione legacy/non licenziate e registro diritti. Migliorati SEO, structured data, sitemap, metadata referenze e crawler readiness. Rifiniti layout mobile, navigazione, hero bubble, referenze, Q&A pubbliche e contenuti PA. Aggiunto pacchetto meeting con briefing, decision log, evidence e template post-call. Fix copy e route pubbliche, redirect map, mobile tap target, menu mobile, plus service cards e semantiche SEO sincronizzate.',
    'Axel Fleureau',
    '["github-real","2026-06-26","2026-06-30","dico-online-site","seo","image-rights","mobile-ui","meeting-readiness"]',
    '[]',
    '[]',
    '[]',
    'mem_axel_wearerighello',
    'accepted',
    'mem_axel_wearerighello',
    '2026-06-26T13:15:00.000Z',
    '2026-06-30T17:29:00.000Z'
  ),
  (
    'task_axel_github_20260626_20260630_whatsapp_inbound_readiness_security',
    'org_demo_righello',
    'project_internal_whatsapp_gateway',
    'mem_axel_wearerighello',
    'WhatsApp - inbound recovery, readiness e diagnostica sicura',
    'Hardening bot WhatsApp produzione: inbound recovery, GDPR/manual send, dashboard/status, risposte civiche e smoke test.',
    'done',
    'high',
    450,
    450,
    '2026-06-30T17:29:00.000Z',
    '2026-06-26T13:30:00.000Z',
    CURRENT_TIMESTAMP,
    'done',
    'client_internal_righello_ops',
    'Righello',
    'AI operations / WhatsApp',
    9,
    'Attivita GitHub verificata su whatsapp-web.js: 55 commit. Rafforzamento bot WhatsApp in produzione con focus inbound recovery, readiness e sicurezza diagnostica. Aggiunto import contatti consenzienti e gestione GDPR/manual send piu sicura. Migliorati recovery messaggi inbound, backstop, retry dopo failure handler e diagnostica direzione chat. Hardening dashboard/status pubblici con redazione QR, identita, metriche, transport diagnostics e voice diagnostics. Migliorata qualita risposte civiche, eventi, meteo live, current affairs e graph candidate review. Aggiunti smoke test inbound, live conversation audit, triage answer issues e production check lock.',
    'Axel Fleureau',
    '["github-real","2026-06-26","2026-06-30","whatsapp-web-js","inbound-recovery","gdpr","production-readiness","security"]',
    '[]',
    '[]',
    '[]',
    'mem_axel_wearerighello',
    'accepted',
    'mem_axel_wearerighello',
    '2026-06-26T13:30:00.000Z',
    '2026-06-30T17:29:00.000Z'
  ),
  (
    'task_axel_github_20260626_20260630_obs_v11_tv_studio_remotes',
    'org_demo_righello',
    'project_internal_obs_padel_stream_overlay',
    'mem_axel_wearerighello',
    'OBS Padel - release v11, TV Studio e football remotes',
    'Release v11 con pipeline produzione, app Mac ibrida, TV Studio, remote arbitro/camera e match manager.',
    'done',
    'urgent',
    210,
    210,
    '2026-06-30T17:29:00.000Z',
    '2026-06-27T09:00:00.000Z',
    CURRENT_TIMESTAMP,
    'done',
    'client_internal_righello_ops',
    'Righello',
    'Live production / Video automation',
    9,
    'Attivita GitHub verificata su OBS Padel Stream Overlay: release v11. Aggiunta app Mac ibrida per match pipeline, estensione TV Studio con sponsor overlay, pre-match, marker badges, auto-trim interviste e full-flow test. Grande refactor Production UI, remote arbitro/camera e match manager. Migliorati launcher, classifier media, installer macOS e readiness commands.',
    'Axel Fleureau',
    '["github-real","2026-06-26","2026-06-30","obs-padel","release-v11","tv-studio","football-remotes","mac-app"]',
    '[]',
    '[]',
    '[]',
    'mem_axel_wearerighello',
    'accepted',
    'mem_axel_wearerighello',
    '2026-06-27T09:00:00.000Z',
    '2026-06-30T17:29:00.000Z'
  ),
  (
    'task_axel_github_20260626_20260630_solero_admin_firebase_cms',
    'org_demo_righello',
    'project_internal_solero_sport_village',
    'mem_axel_wearerighello',
    'Solero - admin permissions, Firebase e CMS story',
    'Gestione richieste admin, sicurezza Firebase, permessi utenti admin, homepage story editabile e fix mobile navigation.',
    'done',
    'high',
    150,
    150,
    '2026-06-30T17:29:00.000Z',
    '2026-06-28T09:00:00.000Z',
    CURRENT_TIMESTAMP,
    'done',
    'client_rig_ssvo',
    'Solero Sport Village',
    'Admin CMS / Firebase',
    8,
    'Attivita GitHub verificata su Solero Sport Village: 6 commit. Gestite richieste admin Solero e messa in sicurezza configurazione Firebase. Aggiunta gestione permessi utenti admin. Homepage story resa editabile da CMS. Fix mobile navigation e copertura smoke CMS. Pulizia deploy Vercel con esclusione build output locale e trigger deploy produzione.',
    'Axel Fleureau',
    '["github-real","2026-06-26","2026-06-30","solero","admin-cms","firebase","permissions","vercel"]',
    '[]',
    '[]',
    '[]',
    'mem_axel_wearerighello',
    'accepted',
    'mem_axel_wearerighello',
    '2026-06-28T09:00:00.000Z',
    '2026-06-30T17:29:00.000Z'
  ),
  (
    'task_axel_github_20260626_20260630_portopiccolo_booking_seo',
    'org_demo_righello',
    'project_internal_portopiccolo',
    'mem_axel_wearerighello',
    'Portopiccolo - booking availability, guest email e SEO route',
    'Verifica email prenotazioni, Booking Engine priced availability, cache Guesty, route Portopiccolo e SEO search.',
    'done',
    'high',
    60,
    60,
    '2026-06-30T17:29:00.000Z',
    '2026-06-29T09:00:00.000Z',
    CURRENT_TIMESTAMP,
    'done',
    'client_rig_ppap',
    'Portopiccolo',
    'Booking Engine / SEO',
    8,
    'Attivita GitHub verificata su Portopiccolo: 8 commit. Migliorata verifica email prenotazioni in area ospite, uso Booking Engine priced availability e preservazione filtri booking/rate plans. Hardening cache disponibilita Guesty e scheduling richieste. Rafforzamento SEO route e visibilita search. Aggiunta pagina/route Portopiccolo dedicata e route functions. Criticita aperta: workflow audit-images falliti sui push del periodo.',
    'Axel Fleureau',
    '["github-real","2026-06-26","2026-06-30","portopiccolo","guesty","booking-engine","seo","audit-images"]',
    '[]',
    '[]',
    '[]',
    'mem_axel_wearerighello',
    'accepted',
    'mem_axel_wearerighello',
    '2026-06-29T09:00:00.000Z',
    '2026-06-30T17:29:00.000Z'
  ),
  (
    'task_axel_github_20260626_20260630_scuolasci_campaign_builder_vercel',
    'org_demo_righello',
    'project_internal_scuolasci_email_campaign_builder',
    'mem_axel_wearerighello',
    'Scuolasci - email campaign builder deploy Vercel',
    'Configurazione deploy Vercel, fix typecheck/build, root landing, fallback registrazioni ed endpoint standalone.',
    'done',
    'medium',
    45,
    45,
    '2026-06-30T17:29:00.000Z',
    '2026-06-30T09:00:00.000Z',
    CURRENT_TIMESTAMP,
    'done',
    'client_rig_scuola_sci_piancavallo',
    'Scuola Sci Piancavallo',
    'Frontend / Vercel deploy',
    7,
    'Attivita GitHub verificata su Scuolasci Email Campaign Builder: 10 commit. Configurazione deploy Vercel per landing e redirect, fix typecheck/build Vercel con Vite, landing servita su root route e limitazione SPA rewrites alle route app, fallback resiliente registrazioni ed endpoint standalone, file ambiente Vercel locali ignorati.',
    'Axel Fleureau',
    '["github-real","2026-06-26","2026-06-30","scuolasci","email-campaign-builder","vercel","landing","registrations"]',
    '[]',
    '[]',
    '[]',
    'mem_axel_wearerighello',
    'accepted',
    'mem_axel_wearerighello',
    '2026-06-30T09:00:00.000Z',
    '2026-06-30T17:29:00.000Z'
  ),
  (
    'task_axel_github_20260626_20260630_scuola_sci_piancavallo_booking_mobile',
    'org_demo_righello',
    'project_internal_scuola_sci_piancavallo_sito',
    'mem_axel_wearerighello',
    'Scuola Sci Piancavallo - routing prenotazioni e mobile CTA',
    'Routing prenotazioni estive, fix overflow mobile CTA e aggiornamento booking/prezzi/meteo/pagamenti.',
    'done',
    'medium',
    30,
    30,
    '2026-06-30T17:29:00.000Z',
    '2026-06-30T10:00:00.000Z',
    CURRENT_TIMESTAMP,
    'done',
    'client_rig_scuola_sci_piancavallo',
    'Scuola Sci Piancavallo',
    'Frontend / Booking flow',
    6,
    'Attivita GitHub verificata su Scuola Sci Piancavallo Sito: 3 commit. Routing prenotazioni verso landing camp estivo durante i mesi estivi, fix overflow mobile CTA summer camp, aggiornamento configurazione booking condivisa e rifiniture su prenota/prezzi/meteo/pagamenti.',
    'Axel Fleureau',
    '["github-real","2026-06-26","2026-06-30","scuola-sci-piancavallo","booking","mobile-ui","summer-camp"]',
    '[]',
    '[]',
    '[]',
    'mem_axel_wearerighello',
    'accepted',
    'mem_axel_wearerighello',
    '2026-06-30T10:00:00.000Z',
    '2026-06-30T17:29:00.000Z'
  ),
  (
    'task_axel_github_20260626_20260630_tetha_pr_telegram_documents',
    'org_demo_righello',
    'project_internal_tetha',
    'mem_axel_wearerighello',
    'Tetha PR #1 - Telegram secretary e document workspace',
    'Aggiornamento PR agentic document workspace: Telegram secretary, certificati, PDF quote e fallback locali.',
    'done',
    'medium',
    45,
    45,
    '2026-06-30T17:29:00.000Z',
    '2026-06-30T11:00:00.000Z',
    CURRENT_TIMESTAMP,
    'done',
    'client_internal_righello_ops',
    'Righello',
    'AI / Document intelligence',
    7,
    'Attivita GitHub verificata su Tetha PR #1: 6 commit su branch codex/agentic-document-workspace. Rafforzamento Telegram secretary con hint sostituzione documenti ed evidenza data esplicita, fix review flow certificati primo soccorso, PDF quote generation con fallback system Chromium, fallback locale resiliente per quote assistant, queue webhook Telegram per chat e fix deserializzazione date conferma. Stato PR: aperta.',
    'Axel Fleureau',
    '["github-real","2026-06-26","2026-06-30","tetha","pull-request","telegram-secretary","document-workspace","pdf"]',
    '[]',
    '[]',
    '[]',
    'mem_axel_wearerighello',
    'accepted',
    'mem_axel_wearerighello',
    '2026-06-30T11:00:00.000Z',
    '2026-06-30T17:29:00.000Z'
  )
ON CONFLICT(id) DO UPDATE SET
  project_id = excluded.project_id,
  assignee_member_id = excluded.assignee_member_id,
  title = excluded.title,
  description = excluded.description,
  status = excluded.status,
  priority = excluded.priority,
  estimated_minutes = excluded.estimated_minutes,
  actual_minutes = excluded.actual_minutes,
  due_at = excluded.due_at,
  updated_at = CURRENT_TIMESTAMP,
  column_id = excluded.column_id,
  client_id = excluded.client_id,
  client_name = excluded.client_name,
  type = excluded.type,
  score = excluded.score,
  rich_description = excluded.rich_description,
  assignee_name = excluded.assignee_name,
  tags_json = excluded.tags_json,
  assignment_status = excluded.assignment_status,
  assignment_requested_by_member_id = excluded.assignment_requested_by_member_id,
  assignment_requested_at = excluded.assignment_requested_at,
  assignment_responded_at = excluded.assignment_responded_at;

INSERT INTO time_entries (
  id, organization_id, member_id, task_id, project_id, client_id, entry_date,
  minutes, billable, note, created_at, updated_at
)
VALUES
  ('time_axel_github_20260626_revolut_derisk_probe_runtime', 'org_demo_righello', 'mem_axel_wearerighello', 'task_axel_github_20260626_20260630_revolut_derisk_probe_runtime', 'project_internal_revolut_crypto_scalper', 'client_internal_righello_ops', '2026-06-26', 90, 1, 'Consuntivo da attivita GitHub verificata: avvio ciclo derisk/probe runtime dopo report precedente.', CURRENT_TIMESTAMP, CURRENT_TIMESTAMP),
  ('time_axel_github_20260626_dico_readiness_rights_seo', 'org_demo_righello', 'mem_axel_wearerighello', 'task_axel_github_20260626_20260630_dico_readiness_rights_seo', 'project_internal_dico_online_site', 'client_internal_righello_ops', '2026-06-26', 90, 1, 'Consuntivo da attivita GitHub verificata: readiness pubblica, image rights e SEO DICO.', CURRENT_TIMESTAMP, CURRENT_TIMESTAMP),
  ('time_axel_github_20260626_whatsapp_inbound_readiness_security', 'org_demo_righello', 'mem_axel_wearerighello', 'task_axel_github_20260626_20260630_whatsapp_inbound_readiness_security', 'project_internal_whatsapp_gateway', 'client_internal_righello_ops', '2026-06-26', 90, 1, 'Consuntivo da attivita GitHub verificata: inbound recovery e diagnostica produzione WhatsApp.', CURRENT_TIMESTAMP, CURRENT_TIMESTAMP),

  ('time_axel_github_20260627_revolut_derisk_probe_runtime', 'org_demo_righello', 'mem_axel_wearerighello', 'task_axel_github_20260626_20260630_revolut_derisk_probe_runtime', 'project_internal_revolut_crypto_scalper', 'client_internal_righello_ops', '2026-06-27', 210, 1, 'Consuntivo da attivita GitHub verificata: cash-rich probes, derisk e buy guards.', CURRENT_TIMESTAMP, CURRENT_TIMESTAMP),
  ('time_axel_github_20260627_dico_readiness_rights_seo', 'org_demo_righello', 'mem_axel_wearerighello', 'task_axel_github_20260626_20260630_dico_readiness_rights_seo', 'project_internal_dico_online_site', 'client_internal_righello_ops', '2026-06-27', 150, 1, 'Consuntivo da attivita GitHub verificata: audit diritti immagine e contenuti meeting.', CURRENT_TIMESTAMP, CURRENT_TIMESTAMP),
  ('time_axel_github_20260627_whatsapp_inbound_readiness_security', 'org_demo_righello', 'mem_axel_wearerighello', 'task_axel_github_20260626_20260630_whatsapp_inbound_readiness_security', 'project_internal_whatsapp_gateway', 'client_internal_righello_ops', '2026-06-27', 120, 1, 'Consuntivo da attivita GitHub verificata: smoke inbound, backstop e retry handler.', CURRENT_TIMESTAMP, CURRENT_TIMESTAMP),
  ('time_axel_github_20260627_obs_v11_tv_studio_remotes', 'org_demo_righello', 'mem_axel_wearerighello', 'task_axel_github_20260626_20260630_obs_v11_tv_studio_remotes', 'project_internal_obs_padel_stream_overlay', 'client_internal_righello_ops', '2026-06-27', 90, 1, 'Consuntivo da attivita GitHub verificata: release v11 e TV Studio pipeline.', CURRENT_TIMESTAMP, CURRENT_TIMESTAMP),

  ('time_axel_github_20260628_revolut_derisk_probe_runtime', 'org_demo_righello', 'mem_axel_wearerighello', 'task_axel_github_20260626_20260630_revolut_derisk_probe_runtime', 'project_internal_revolut_crypto_scalper', 'client_internal_righello_ops', '2026-06-28', 180, 1, 'Consuntivo da attivita GitHub verificata: cost basis, fills e partial fill handling.', CURRENT_TIMESTAMP, CURRENT_TIMESTAMP),
  ('time_axel_github_20260628_dico_readiness_rights_seo', 'org_demo_righello', 'mem_axel_wearerighello', 'task_axel_github_20260626_20260630_dico_readiness_rights_seo', 'project_internal_dico_online_site', 'client_internal_righello_ops', '2026-06-28', 120, 1, 'Consuntivo da attivita GitHub verificata: layout mobile, referenze e crawler readiness.', CURRENT_TIMESTAMP, CURRENT_TIMESTAMP),
  ('time_axel_github_20260628_whatsapp_inbound_readiness_security', 'org_demo_righello', 'mem_axel_wearerighello', 'task_axel_github_20260626_20260630_whatsapp_inbound_readiness_security', 'project_internal_whatsapp_gateway', 'client_internal_righello_ops', '2026-06-28', 90, 1, 'Consuntivo da attivita GitHub verificata: dashboard/status pubblici e metriche redatte.', CURRENT_TIMESTAMP, CURRENT_TIMESTAMP),
  ('time_axel_github_20260628_solero_admin_firebase_cms', 'org_demo_righello', 'mem_axel_wearerighello', 'task_axel_github_20260626_20260630_solero_admin_firebase_cms', 'project_internal_solero_sport_village', 'client_rig_ssvo', '2026-06-28', 90, 1, 'Consuntivo da attivita GitHub verificata: permessi admin, Firebase e CMS story.', CURRENT_TIMESTAMP, CURRENT_TIMESTAMP),

  ('time_axel_github_20260629_revolut_derisk_probe_runtime', 'org_demo_righello', 'mem_axel_wearerighello', 'task_axel_github_20260626_20260630_revolut_derisk_probe_runtime', 'project_internal_revolut_crypto_scalper', 'client_internal_righello_ops', '2026-06-29', 210, 1, 'Consuntivo da attivita GitHub verificata: macro-stress handling e blocchi buy distruttivi.', CURRENT_TIMESTAMP, CURRENT_TIMESTAMP),
  ('time_axel_github_20260629_dico_readiness_rights_seo', 'org_demo_righello', 'mem_axel_wearerighello', 'task_axel_github_20260626_20260630_dico_readiness_rights_seo', 'project_internal_dico_online_site', 'client_internal_righello_ops', '2026-06-29', 120, 1, 'Consuntivo da attivita GitHub verificata: Q&A pubbliche, route e redirect map.', CURRENT_TIMESTAMP, CURRENT_TIMESTAMP),
  ('time_axel_github_20260629_whatsapp_inbound_readiness_security', 'org_demo_righello', 'mem_axel_wearerighello', 'task_axel_github_20260626_20260630_whatsapp_inbound_readiness_security', 'project_internal_whatsapp_gateway', 'client_internal_righello_ops', '2026-06-29', 90, 1, 'Consuntivo da attivita GitHub verificata: risposte civiche, meteo live e graph review.', CURRENT_TIMESTAMP, CURRENT_TIMESTAMP),
  ('time_axel_github_20260629_obs_v11_tv_studio_remotes', 'org_demo_righello', 'mem_axel_wearerighello', 'task_axel_github_20260626_20260630_obs_v11_tv_studio_remotes', 'project_internal_obs_padel_stream_overlay', 'client_internal_righello_ops', '2026-06-29', 120, 1, 'Consuntivo da attivita GitHub verificata: app Mac ibrida, remotes e match manager.', CURRENT_TIMESTAMP, CURRENT_TIMESTAMP),
  ('time_axel_github_20260629_portopiccolo_booking_seo', 'org_demo_righello', 'mem_axel_wearerighello', 'task_axel_github_20260626_20260630_portopiccolo_booking_seo', 'project_internal_portopiccolo', 'client_rig_ppap', '2026-06-29', 60, 1, 'Consuntivo da attivita GitHub verificata: Booking Engine, Guesty cache e SEO route Portopiccolo.', CURRENT_TIMESTAMP, CURRENT_TIMESTAMP),

  ('time_axel_github_20260630_revolut_derisk_probe_runtime', 'org_demo_righello', 'mem_axel_wearerighello', 'task_axel_github_20260626_20260630_revolut_derisk_probe_runtime', 'project_internal_revolut_crypto_scalper', 'client_internal_righello_ops', '2026-06-30', 150, 1, 'Consuntivo da attivita GitHub verificata: scanner responsiveness e test strategy guards.', CURRENT_TIMESTAMP, CURRENT_TIMESTAMP),
  ('time_axel_github_20260630_dico_readiness_rights_seo', 'org_demo_righello', 'mem_axel_wearerighello', 'task_axel_github_20260626_20260630_dico_readiness_rights_seo', 'project_internal_dico_online_site', 'client_internal_righello_ops', '2026-06-30', 60, 1, 'Consuntivo da attivita GitHub verificata: DICO v2 mobile menu e plus service cards.', CURRENT_TIMESTAMP, CURRENT_TIMESTAMP),
  ('time_axel_github_20260630_whatsapp_inbound_readiness_security', 'org_demo_righello', 'mem_axel_wearerighello', 'task_axel_github_20260626_20260630_whatsapp_inbound_readiness_security', 'project_internal_whatsapp_gateway', 'client_internal_righello_ops', '2026-06-30', 60, 1, 'Consuntivo da attivita GitHub verificata: LLM routing e protezione hot path.', CURRENT_TIMESTAMP, CURRENT_TIMESTAMP),
  ('time_axel_github_20260630_solero_admin_firebase_cms', 'org_demo_righello', 'mem_axel_wearerighello', 'task_axel_github_20260626_20260630_solero_admin_firebase_cms', 'project_internal_solero_sport_village', 'client_rig_ssvo', '2026-06-30', 60, 1, 'Consuntivo da attivita GitHub verificata: deploy Vercel cleanup e smoke CMS.', CURRENT_TIMESTAMP, CURRENT_TIMESTAMP),
  ('time_axel_github_20260630_scuolasci_campaign_builder_vercel', 'org_demo_righello', 'mem_axel_wearerighello', 'task_axel_github_20260626_20260630_scuolasci_campaign_builder_vercel', 'project_internal_scuolasci_email_campaign_builder', 'client_rig_scuola_sci_piancavallo', '2026-06-30', 45, 1, 'Consuntivo da attivita GitHub verificata: Vercel deploy, landing root e registrations fallback.', CURRENT_TIMESTAMP, CURRENT_TIMESTAMP),
  ('time_axel_github_20260630_scuola_sci_piancavallo_booking_mobile', 'org_demo_righello', 'mem_axel_wearerighello', 'task_axel_github_20260626_20260630_scuola_sci_piancavallo_booking_mobile', 'project_internal_scuola_sci_piancavallo_sito', 'client_rig_scuola_sci_piancavallo', '2026-06-30', 30, 1, 'Consuntivo da attivita GitHub verificata: routing prenotazioni estive e mobile CTA.', CURRENT_TIMESTAMP, CURRENT_TIMESTAMP),
  ('time_axel_github_20260630_tetha_pr_telegram_documents', 'org_demo_righello', 'mem_axel_wearerighello', 'task_axel_github_20260626_20260630_tetha_pr_telegram_documents', 'project_internal_tetha', 'client_internal_righello_ops', '2026-06-30', 45, 1, 'Consuntivo da attivita GitHub verificata: Tetha PR Telegram secretary e document workspace.', CURRENT_TIMESTAMP, CURRENT_TIMESTAMP)
ON CONFLICT(id) DO UPDATE SET
  member_id = excluded.member_id,
  task_id = excluded.task_id,
  project_id = excluded.project_id,
  client_id = excluded.client_id,
  entry_date = excluded.entry_date,
  minutes = excluded.minutes,
  billable = excluded.billable,
  note = excluded.note,
  updated_at = CURRENT_TIMESTAMP;

INSERT INTO work_days (
  id, organization_id, member_id, entry_date, check_in_at, check_out_at, status, absence_reason, notes, created_at, updated_at
)
VALUES
  ('workday_axel_github_20260626_normalized', 'org_demo_righello', 'mem_axel_wearerighello', '2026-06-26', '2026-06-26T09:00:00+02:00', '2026-06-26T18:00:00+02:00', 'closed', NULL, 'Normalizzato da consuntivi GitHub verificati 21-30 giugno: 480 minuti netti complessivi sul giorno.', CURRENT_TIMESTAMP, CURRENT_TIMESTAMP),
  ('workday_axel_github_20260627_normalized', 'org_demo_righello', 'mem_axel_wearerighello', '2026-06-27', '2026-06-27T09:00:00+02:00', '2026-06-27T19:30:00+02:00', 'closed', NULL, 'Normalizzato da consuntivo GitHub verificato 26-30 giugno: 570 minuti netti.', CURRENT_TIMESTAMP, CURRENT_TIMESTAMP),
  ('workday_axel_github_20260628_normalized', 'org_demo_righello', 'mem_axel_wearerighello', '2026-06-28', '2026-06-28T09:00:00+02:00', '2026-06-28T18:00:00+02:00', 'closed', NULL, 'Normalizzato da consuntivo GitHub verificato 26-30 giugno: 480 minuti netti.', CURRENT_TIMESTAMP, CURRENT_TIMESTAMP),
  ('workday_axel_github_20260629_normalized', 'org_demo_righello', 'mem_axel_wearerighello', '2026-06-29', '2026-06-29T09:00:00+02:00', '2026-06-29T20:00:00+02:00', 'closed', NULL, 'Normalizzato da consuntivo GitHub verificato 26-30 giugno: 600 minuti netti.', CURRENT_TIMESTAMP, CURRENT_TIMESTAMP),
  ('workday_axel_github_20260630_normalized', 'org_demo_righello', 'mem_axel_wearerighello', '2026-06-30', '2026-06-30T09:00:00+02:00', '2026-06-30T17:30:00+02:00', 'closed', NULL, 'Normalizzato da consuntivo GitHub verificato 26-30 giugno: 450 minuti netti.', CURRENT_TIMESTAMP, CURRENT_TIMESTAMP)
ON CONFLICT(organization_id, member_id, entry_date) DO UPDATE SET
  check_in_at = excluded.check_in_at,
  check_out_at = excluded.check_out_at,
  status = excluded.status,
  absence_reason = excluded.absence_reason,
  notes = excluded.notes,
  updated_at = CURRENT_TIMESTAMP;

UPDATE tasks
SET actual_minutes = (
  SELECT COALESCE(SUM(time_entries.minutes), 0)
  FROM time_entries
  WHERE time_entries.task_id = tasks.id
),
updated_at = CURRENT_TIMESTAMP
WHERE organization_id = 'org_demo_righello'
  AND assignee_member_id = 'mem_axel_wearerighello'
  AND id IN (
    'task_axel_github_20260626_20260630_revolut_derisk_probe_runtime',
    'task_axel_github_20260626_20260630_dico_readiness_rights_seo',
    'task_axel_github_20260626_20260630_whatsapp_inbound_readiness_security',
    'task_axel_github_20260626_20260630_obs_v11_tv_studio_remotes',
    'task_axel_github_20260626_20260630_solero_admin_firebase_cms',
    'task_axel_github_20260626_20260630_portopiccolo_booking_seo',
    'task_axel_github_20260626_20260630_scuolasci_campaign_builder_vercel',
    'task_axel_github_20260626_20260630_scuola_sci_piancavallo_booking_mobile',
    'task_axel_github_20260626_20260630_tetha_pr_telegram_documents'
  );
