-- Idempotent GitHub activity import for Axel Fleureau.
-- Period: 2026-07-03 23:24 -> 2026-07-07 18:55 Europe/Rome.
-- Source: verified GitHub operational activity supplied by Axel.
-- Scope: 192 commits across 11 repositories, plus Tetha PR #1 delta.
-- Policy: import repository-level value tasks and dated time entries without
-- duplicating the 2026-07-03 daytime/evening reports already imported.

PRAGMA foreign_keys = ON;

INSERT INTO clients (id, organization_id, name, email, company, status, created_at, updated_at)
VALUES
  ('client_internal_righello_ops', 'org_demo_righello', 'Righello', NULL, 'Righello', 'active', '2026-05-22T08:00:00.000Z', CURRENT_TIMESTAMP),
  ('client_internal_canale77', 'org_demo_righello', 'Canale77', NULL, 'Canale77', 'active', '2026-06-11T08:00:00.000Z', CURRENT_TIMESTAMP),
  ('client_internal_dico_online', 'org_demo_righello', 'DICO Online', NULL, 'DICO Online', 'active', '2026-06-11T08:00:00.000Z', CURRENT_TIMESTAMP),
  ('client_internal_gusto_raffinato', 'org_demo_righello', 'Gusto Raffinato', NULL, 'Gusto Raffinato', 'active', '2026-06-11T08:00:00.000Z', CURRENT_TIMESTAMP),
  ('client_rig_ssvo', 'org_demo_righello', 'Solero Sport Village', NULL, 'APOLLO 2000 SRL', 'active', '2026-05-22T08:00:00.000Z', CURRENT_TIMESTAMP),
  ('client_rig_ppap', 'org_demo_righello', 'Portopiccolo', NULL, 'Portopiccolo Apartments', 'active', '2026-05-22T08:00:00.000Z', CURRENT_TIMESTAMP)
ON CONFLICT(id) DO UPDATE SET
  name = excluded.name,
  company = excluded.company,
  status = excluded.status,
  updated_at = CURRENT_TIMESTAMP;

INSERT INTO projects (id, organization_id, client_id, name, status, budget_cents, starts_at, due_at, created_at, updated_at)
VALUES
  ('project_internal_revolut_crypto_scalper', 'org_demo_righello', 'client_internal_righello_ops', 'Revolut Crypto Scalper', 'active', 0, '2026-05-22T08:00:00.000Z', '2026-12-31T18:00:00.000Z', '2026-05-22T08:00:00.000Z', CURRENT_TIMESTAMP),
  ('project_internal_dico_online_site', 'org_demo_righello', 'client_internal_dico_online', 'DICO Online Site', 'active', 0, '2026-06-21T08:38:00.000Z', '2026-12-31T18:00:00.000Z', '2026-06-21T08:38:00.000Z', CURRENT_TIMESTAMP),
  ('project_internal_obs_padel_stream_overlay', 'org_demo_righello', 'client_internal_righello_ops', 'OBS Padel Stream Overlay', 'active', 0, '2026-05-22T08:00:00.000Z', '2026-12-31T18:00:00.000Z', '2026-05-22T08:00:00.000Z', CURRENT_TIMESTAMP),
  ('project_internal_solero_sport_village', 'org_demo_righello', 'client_rig_ssvo', 'Solero Sport Village', 'active', 0, '2026-05-22T08:00:00.000Z', '2026-12-31T18:00:00.000Z', '2026-05-22T08:00:00.000Z', CURRENT_TIMESTAMP),
  ('project_internal_canale77_ott_platform', 'org_demo_righello', 'client_internal_canale77', 'Canale77 OTT Platform', 'active', 0, '2026-06-11T08:00:00.000Z', '2026-12-31T18:00:00.000Z', '2026-06-11T08:00:00.000Z', CURRENT_TIMESTAMP),
  ('project_internal_buffr', 'org_demo_righello', 'client_internal_righello_ops', 'BUFFR', 'active', 0, '2026-05-22T08:00:00.000Z', '2026-12-31T18:00:00.000Z', '2026-05-22T08:00:00.000Z', CURRENT_TIMESTAMP),
  ('project_internal_whatsapp_gateway', 'org_demo_righello', 'client_internal_righello_ops', 'WhatsApp Web Gateway', 'active', 0, '2026-06-11T08:00:00.000Z', '2026-12-31T18:00:00.000Z', '2026-06-11T08:00:00.000Z', CURRENT_TIMESTAMP),
  ('project_internal_righello_site', 'org_demo_righello', 'client_internal_righello_ops', 'Righello Site', 'active', 0, '2026-05-22T08:00:00.000Z', '2026-12-31T18:00:00.000Z', '2026-05-22T08:00:00.000Z', CURRENT_TIMESTAMP),
  ('project_internal_portopiccolo', 'org_demo_righello', 'client_rig_ppap', 'Portopiccolo', 'active', 0, '2026-05-22T08:00:00.000Z', '2026-12-31T18:00:00.000Z', '2026-05-22T08:00:00.000Z', CURRENT_TIMESTAMP),
  ('project_internal_gusto_raffinato', 'org_demo_righello', 'client_internal_gusto_raffinato', 'Gusto Raffinato', 'active', 0, '2026-05-22T08:00:00.000Z', '2026-12-31T18:00:00.000Z', '2026-05-22T08:00:00.000Z', CURRENT_TIMESTAMP),
  ('project_internal_lumis_photo_publisher', 'org_demo_righello', 'client_internal_righello_ops', 'Lumis / Photo Publisher Righello', 'active', 0, '2026-05-22T08:00:00.000Z', '2026-12-31T18:00:00.000Z', '2026-05-22T08:00:00.000Z', CURRENT_TIMESTAMP),
  ('project_internal_tetha', 'org_demo_righello', 'client_internal_righello_ops', 'Tetha', 'active', 0, '2026-05-22T08:00:00.000Z', '2026-12-31T18:00:00.000Z', '2026-05-22T08:00:00.000Z', CURRENT_TIMESTAMP)
ON CONFLICT(id) DO UPDATE SET
  client_id = excluded.client_id,
  name = excluded.name,
  status = excluded.status,
  updated_at = CURRENT_TIMESTAMP;

INSERT OR IGNORE INTO project_members (project_id, member_id, organization_id, role)
VALUES
  ('project_internal_revolut_crypto_scalper', 'mem_axel_wearerighello', 'org_demo_righello', 'owner'),
  ('project_internal_dico_online_site', 'mem_axel_wearerighello', 'org_demo_righello', 'owner'),
  ('project_internal_obs_padel_stream_overlay', 'mem_axel_wearerighello', 'org_demo_righello', 'owner'),
  ('project_internal_solero_sport_village', 'mem_axel_wearerighello', 'org_demo_righello', 'owner'),
  ('project_internal_canale77_ott_platform', 'mem_axel_wearerighello', 'org_demo_righello', 'owner'),
  ('project_internal_buffr', 'mem_axel_wearerighello', 'org_demo_righello', 'owner'),
  ('project_internal_whatsapp_gateway', 'mem_axel_wearerighello', 'org_demo_righello', 'owner'),
  ('project_internal_righello_site', 'mem_axel_wearerighello', 'org_demo_righello', 'owner'),
  ('project_internal_portopiccolo', 'mem_axel_wearerighello', 'org_demo_righello', 'owner'),
  ('project_internal_gusto_raffinato', 'mem_axel_wearerighello', 'org_demo_righello', 'owner'),
  ('project_internal_lumis_photo_publisher', 'mem_axel_wearerighello', 'org_demo_righello', 'owner'),
  ('project_internal_tetha', 'mem_axel_wearerighello', 'org_demo_righello', 'owner');

INSERT INTO tasks (
  id, organization_id, project_id, assignee_member_id, title, description,
  status, priority, estimated_minutes, actual_minutes, due_at, created_at, updated_at,
  column_id, client_id, client_name, work_mode, type, score, rich_description, assignee_name,
  tags_json, attachments_json, comments_json, sub_items_json, created_by_member_id,
  assignment_status, assignment_requested_by_member_id, assignment_requested_at, assignment_responded_at
)
VALUES
  (
    'task_axel_github_20260704_20260707_revolut_profit_guard_scanner_risk',
    'org_demo_righello',
    'project_internal_revolut_crypto_scalper',
    'mem_axel_wearerighello',
    '2026-07-04/07 - Revolut profit guard, scanner AI e rischio',
    'Rafforzamento profit guard, scanner AI, cash deploy, uscite e buy guards del bot trading.',
    'done',
    'urgent',
    570,
    570,
    '2026-07-07T18:55:00.000Z',
    '2026-07-04T08:00:00.000Z',
    CURRENT_TIMESTAMP,
    'done',
    'client_internal_righello_ops',
    'Righello',
    'remote',
    'Trading Automation / Risk Management',
    10,
    'Attivita GitHub verificata su Revolut Crypto Scalper: protezione picchi profitto, wallet peaks, milestone locks, retained profit e giveback; cash-rich deploy, pullback lane, probe gate, spread cap, live volume ed exposure meaningful; scanner AI con prompt compatto, timeout/backoff, cooldown atomico e Codex CLI; dirty scout exits, peak-lock exits, stale scanner sells e confirmed dirty scout exits; protezioni contro buy degradati, cached scanner buys, overextended scanner buys, fallback movers, news sentiment retry e test estesi.',
    'Axel Fleureau',
    '["github-real","2026-07-04","2026-07-05","2026-07-06","2026-07-07","revolut-crypto-scalper","profit-guard","scanner-ai","risk-management","remote"]',
    '[]',
    '[]',
    '[]',
    'mem_axel_wearerighello',
    'accepted',
    'mem_axel_wearerighello',
    '2026-07-04T08:00:00.000Z',
    '2026-07-07T18:55:00.000Z'
  ),
  (
    'task_axel_github_20260704_20260707_dico_v3_referenze_trust',
    'org_demo_righello',
    'project_internal_dico_online_site',
    'mem_axel_wearerighello',
    '2026-07-04/07 - DICO v3, referenze e trust layer',
    'Evoluzione DICO v3 con hero cinematica, referenze comunali, copy istituzionale e trust layer.',
    'done',
    'urgent',
    390,
    390,
    '2026-07-07T18:55:00.000Z',
    '2026-07-04T10:00:00.000Z',
    CURRENT_TIMESTAMP,
    'done',
    'client_internal_dico_online',
    'DICO Online',
    'remote',
    'Frontend / Product Design',
    10,
    'Attivita GitHub verificata su DICO Online Site: hero cinematica canvas, regia multicanale animata, DICO v3 rev02 in stile PN2027, hero/parallax/intro/auree/spacing/blend/ritmo mobile, copy committenza/metodo/sezioni cittadini/trust badge/team imagery, word reveal, type scale, overflow mobile, referenze con copy originale dei 20 comuni, shell/grid referenze coerente con v3, nav DICO v1, service/resources/FAQ grid, foto territorio licenziate e trust icons.',
    'Axel Fleureau',
    '["github-real","2026-07-04","2026-07-05","2026-07-06","2026-07-07","dico-online-site","dico-v3","referenze","trust-layer","remote"]',
    '[]',
    '[]',
    '[]',
    'mem_axel_wearerighello',
    'accepted',
    'mem_axel_wearerighello',
    '2026-07-04T10:00:00.000Z',
    '2026-07-07T18:55:00.000Z'
  ),
  (
    'task_axel_github_20260704_20260707_obs_football_lanner_marker_provenance',
    'org_demo_righello',
    'project_internal_obs_padel_stream_overlay',
    'mem_axel_wearerighello',
    '2026-07-04/07 - OBS football remote, lanner e marker provenance',
    'Rafforzamento workflow calcio con remote arbitro, sponsor/lanner, marker room e import Mac.',
    'done',
    'urgent',
    300,
    300,
    '2026-07-07T18:55:00.000Z',
    '2026-07-04T12:00:00.000Z',
    CURRENT_TIMESTAMP,
    'done',
    'client_internal_righello_ops',
    'Righello',
    'remote',
    'Live Production / Football Workflow',
    10,
    'Attivita GitHub verificata su OBS Padel Stream Overlay: scoped match state storage per room, goal strip motion, scorebar easing, morph animation, bottom ad suppression, regole marker football/discipline/jersey, composizione lanner World Cup e true L-bar squeezeback, sync clock e grid lanner, marker room export self-identifying, auto-routing JSON via metadata, provenienza marker fino al render, promozione football event button, guided flow ref remote e Paolo replay flow.',
    'Axel Fleureau',
    '["github-real","2026-07-04","2026-07-05","2026-07-06","2026-07-07","obs-padel-stream-overlay","football","lanner","marker-provenance","remote"]',
    '[]',
    '[]',
    '[]',
    'mem_axel_wearerighello',
    'accepted',
    'mem_axel_wearerighello',
    '2026-07-04T12:00:00.000Z',
    '2026-07-07T18:55:00.000Z'
  ),
  (
    'task_axel_github_20260704_20260707_solero_admin_lead_cms_smoke',
    'org_demo_righello',
    'project_internal_solero_sport_village',
    'mem_axel_wearerighello',
    '2026-07-04/07 - Solero admin, lead notification e CMS smoke',
    'Hardening admin CMS, form pubblici, notifiche lead e copertura smoke.',
    'done',
    'high',
    210,
    210,
    '2026-07-07T18:55:00.000Z',
    '2026-07-05T08:30:00.000Z',
    CURRENT_TIMESTAMP,
    'done',
    'client_rig_ssvo',
    'Solero Sport Village',
    'remote',
    'Frontend / Admin CMS / Email',
    9,
    'Attivita GitHub verificata su Solero Sport Village: fix menu overlay e spacing nav mobile, desktop Lenis e smoothing home mosaic scroll, crash dialog news admin, template email lead notification, copertura casi notifica lead, link allegati e sponsor logo, rimozione stato lead dalle email, design email lead, hardening accesso admin/form pubblici e smoke CMS.',
    'Axel Fleureau',
    '["github-real","2026-07-05","2026-07-06","2026-07-07","solero-sport-village","admin-cms","lead-notifications","smoke","remote"]',
    '[]',
    '[]',
    '[]',
    'mem_axel_wearerighello',
    'accepted',
    'mem_axel_wearerighello',
    '2026-07-05T08:30:00.000Z',
    '2026-07-07T18:55:00.000Z'
  ),
  (
    'task_axel_github_20260704_20260707_canale77_vod_ftp_tv_native',
    'org_demo_righello',
    'project_internal_canale77_ott_platform',
    'mem_axel_wearerighello',
    '2026-07-04/07 - Canale77 VOD FTP e runtime TV nativo',
    'Import archivio FTP VOD, publisher VOD, wrapper TV nativi e home Android TV.',
    'done',
    'high',
    180,
    180,
    '2026-07-07T18:55:00.000Z',
    '2026-07-05T10:00:00.000Z',
    CURRENT_TIMESTAMP,
    'done',
    'client_internal_canale77',
    'Canale77',
    'remote',
    'OTT Platform / VOD / TV Native',
    9,
    'Attivita GitHub verificata su Canale77 OTT Platform: VOD FTP adapter, importer archivio FTP VOD, publisher VOD FTP e test locali, UX TV con clipping/focus, wrapper TV nativi, runtime shell nativo per Tizen wrapper, home nativa Android TV e documentazione parity TV native.',
    'Axel Fleureau',
    '["github-real","2026-07-05","2026-07-06","2026-07-07","canale77","vod-ftp","android-tv","tizen","remote"]',
    '[]',
    '[]',
    '[]',
    'mem_axel_wearerighello',
    'accepted',
    'mem_axel_wearerighello',
    '2026-07-05T10:00:00.000Z',
    '2026-07-07T18:55:00.000Z'
  ),
  (
    'task_axel_github_20260704_20260707_buffr_testflight_sync',
    'org_demo_righello',
    'project_internal_buffr',
    'mem_axel_wearerighello',
    '2026-07-04/07 - BUFFR 1.1 TestFlight e Righello sync',
    'Preparazione build BUFFR 1.1 con Righello sync, heartbeat e gallery aggiornata.',
    'done',
    'high',
    150,
    150,
    '2026-07-07T18:55:00.000Z',
    '2026-07-05T12:00:00.000Z',
    CURRENT_TIMESTAMP,
    'done',
    'client_internal_righello_ops',
    'Righello',
    'remote',
    'Mobile / TestFlight / Sync',
    8,
    'Attivita GitHub verificata su Bufferello/BUFFR: preparata build TestFlight 1.1, aggiunta schermata/sistema Righello sync, context RighelloSync, servizio righelloSync, heartbeat simulato, gallery app aggiornata e configurazioni iOS/app metadata.',
    'Axel Fleureau',
    '["github-real","2026-07-05","2026-07-06","2026-07-07","buffr","testflight","righello-sync","mobile","remote"]',
    '[]',
    '[]',
    '[]',
    'mem_axel_wearerighello',
    'accepted',
    'mem_axel_wearerighello',
    '2026-07-05T12:00:00.000Z',
    '2026-07-07T18:55:00.000Z'
  ),
  (
    'task_axel_github_20260704_20260707_whatsapp_graph_citations_civic',
    'org_demo_righello',
    'project_internal_whatsapp_gateway',
    'mem_axel_wearerighello',
    '2026-07-04/07 - WhatsApp graph citations e risposte civiche',
    'Normalizzazione knowledge graph, citazioni e qualita output del bot civico WhatsApp.',
    'done',
    'high',
    120,
    120,
    '2026-07-07T18:55:00.000Z',
    '2026-07-06T08:00:00.000Z',
    CURRENT_TIMESTAMP,
    'done',
    'client_internal_righello_ops',
    'Righello',
    'remote',
    'AI Bot / Knowledge Graph',
    8,
    'Attivita GitHub verificata su whatsapp-web.js: recupero ultimo inbound senza chat fetch, graph sources e citations normalizzate, attribuzione news locale anche senza link, risposte civiche WhatsApp rifinite, operational indexes del graph normalizzati, export Obsidian vault e graph guardrail aggiornati, test graph utils rafforzati.',
    'Axel Fleureau',
    '["github-real","2026-07-06","2026-07-07","whatsapp-web-js","knowledge-graph","citations","civic-bot","remote"]',
    '[]',
    '[]',
    '[]',
    'mem_axel_wearerighello',
    'accepted',
    'mem_axel_wearerighello',
    '2026-07-06T08:00:00.000Z',
    '2026-07-07T18:55:00.000Z'
  ),
  (
    'task_axel_github_20260704_20260707_righello_site_email_seo',
    'org_demo_righello',
    'project_internal_righello_site',
    'mem_axel_wearerighello',
    '2026-07-04/07 - Righello Site email templates e SEO error pages',
    'Template email, preview/test e protezioni indicizzazione pagine errore.',
    'done',
    'high',
    90,
    90,
    '2026-07-07T18:55:00.000Z',
    '2026-07-06T10:00:00.000Z',
    CURRENT_TIMESTAMP,
    'done',
    'client_internal_righello_ops',
    'Righello',
    'remote',
    'Frontend / Email / SEO',
    8,
    'Attivita GitHub verificata su Righello Site: impedita indicizzazione pagine errore, migliorata compatibilita Safari animazione footer, template email Righello rinfrescati, modulo server email templates, script preview email e test template email. Criticita aperta: CI/CD fallita sui push del periodo.',
    'Axel Fleureau',
    '["github-real","2026-07-06","2026-07-07","righello-site","email-templates","seo","ci-failed","remote"]',
    '[]',
    '[]',
    '[]',
    'mem_axel_wearerighello',
    'accepted',
    'mem_axel_wearerighello',
    '2026-07-06T10:00:00.000Z',
    '2026-07-07T18:55:00.000Z'
  ),
  (
    'task_axel_github_20260704_20260707_portopiccolo_guesty_iubenda_i18n',
    'org_demo_righello',
    'project_internal_portopiccolo',
    'mem_axel_wearerighello',
    '2026-07-04/07 - Portopiccolo Guesty, Iubenda e multilingua',
    'Booking API, cookie/privacy policy, checkout sicuro e rendering multilingua.',
    'done',
    'high',
    120,
    120,
    '2026-07-07T18:55:00.000Z',
    '2026-07-06T12:00:00.000Z',
    CURRENT_TIMESTAMP,
    'done',
    'client_rig_ppap',
    'Portopiccolo',
    'remote',
    'Booking / Privacy / Checkout',
    8,
    'Attivita GitHub verificata su Portopiccolo: telefono ospite richiesto nella booking API, widget cookie Iubenda installato, link privacy/cookie policy Iubenda, rendering lingua multilingua stabilizzato, Guesty instant-charge checkout verificato, guard instant-charge documentato, copy pagamento checkout sicuro chiarito e fallback booking esterno evitato su errori carta. Criticita aperta: audit-images falliti.',
    'Axel Fleureau',
    '["github-real","2026-07-06","2026-07-07","portopiccolo","guesty","iubenda","checkout","i18n","audit-images-failed","remote"]',
    '[]',
    '[]',
    '[]',
    'mem_axel_wearerighello',
    'accepted',
    'mem_axel_wearerighello',
    '2026-07-06T12:00:00.000Z',
    '2026-07-07T18:55:00.000Z'
  ),
  (
    'task_axel_github_20260704_20260707_gusto_ipad_catina_testflight',
    'org_demo_righello',
    'project_internal_gusto_raffinato',
    'mem_axel_wearerighello',
    '2026-07-04/07 - Gusto scanner iPad, menu Catina e TestFlight',
    'Scanner iPad, menu Catina, ingredient graph e build TestFlight.',
    'done',
    'high',
    90,
    90,
    '2026-07-07T18:55:00.000Z',
    '2026-07-06T14:00:00.000Z',
    CURRENT_TIMESTAMP,
    'done',
    'client_internal_gusto_raffinato',
    'Gusto Raffinato',
    'remote',
    'Mobile / Restaurant OS / TestFlight',
    8,
    'Attivita GitHub verificata su Gusto Raffinato: candidati scanner visibili su iPad, dati menu Catina unificati fra app e Restaurant OS, graph ingredient/store aggiornato, test table vision/model aggiornati e build TestFlight 2026070302 e 2026070701.',
    'Axel Fleureau',
    '["github-real","2026-07-06","2026-07-07","gusto-raffinato","ipad","alla-catina","testflight","remote"]',
    '[]',
    '[]',
    '[]',
    'mem_axel_wearerighello',
    'accepted',
    'mem_axel_wearerighello',
    '2026-07-06T14:00:00.000Z',
    '2026-07-07T18:55:00.000Z'
  ),
  (
    'task_axel_github_20260704_20260707_lumis_camera_import_build51',
    'org_demo_righello',
    'project_internal_lumis_photo_publisher',
    'mem_axel_wearerighello',
    '2026-07-04/07 - Lumis camera import iOS e build 51',
    'Hardening camera import iOS e bump Lumis build 51.',
    'done',
    'medium',
    45,
    45,
    '2026-07-07T18:55:00.000Z',
    '2026-07-07T08:00:00.000Z',
    CURRENT_TIMESTAMP,
    'done',
    'client_internal_righello_ops',
    'Righello',
    'remote',
    'Mobile iOS / Build',
    7,
    'Attivita GitHub verificata su Photo Publisher Righello / Lumis: baseline import camera iOS rafforzata e bump Lumis iOS build 51.',
    'Axel Fleureau',
    '["github-real","2026-07-07","lumis","photo-publisher-righello","ios","camera-import","testflight","remote"]',
    '[]',
    '[]',
    '[]',
    'mem_axel_wearerighello',
    'accepted',
    'mem_axel_wearerighello',
    '2026-07-07T08:00:00.000Z',
    '2026-07-07T18:55:00.000Z'
  ),
  (
    'task_axel_github_20260704_20260707_tetha_pr_quote_telegram_codex',
    'org_demo_righello',
    'project_internal_tetha',
    'mem_axel_wearerighello',
    '2026-07-04/07 - Tetha PR quote assistant Telegram e Codex OAuth',
    'Aggiornamento PR #1 con quote generation Telegram, Graphify quote brain e stato Codex OAuth.',
    'done',
    'high',
    255,
    255,
    '2026-07-07T18:55:00.000Z',
    '2026-07-07T09:00:00.000Z',
    CURRENT_TIMESTAMP,
    'done',
    'client_internal_righello_ops',
    'Righello',
    'remote',
    'AI / Telegram / PDF Quote',
    9,
    'Attivita GitHub verificata su Tetha PR #1: layout header PDF quote migliorato con brand details, generazione quote via Telegram, regole quote Veneta, rendering logo PDF quote, spacing firme, customer registry Veneta, UX ragionamento quote Telegram, Graphify quote brain, stato runtime Codex OAuth e lettura login da tutti gli stream. Nota: attivita separata su PR aperta, non ancora mergeata su main.',
    'Axel Fleureau',
    '["github-real","2026-07-07","tetha","pr-1","quote-assistant","telegram","codex-oauth","graphify","remote","needs-merge-review"]',
    '[]',
    '[]',
    '[]',
    'mem_axel_wearerighello',
    'accepted',
    'mem_axel_wearerighello',
    '2026-07-07T09:00:00.000Z',
    '2026-07-07T18:55:00.000Z'
  )
ON CONFLICT(id) DO UPDATE SET
  project_id = excluded.project_id,
  assignee_member_id = excluded.assignee_member_id,
  title = excluded.title,
  description = excluded.description,
  status = excluded.status,
  priority = excluded.priority,
  estimated_minutes = excluded.estimated_minutes,
  actual_minutes = excluded.actual_minutes,
  due_at = excluded.due_at,
  updated_at = CURRENT_TIMESTAMP,
  column_id = excluded.column_id,
  client_id = excluded.client_id,
  client_name = excluded.client_name,
  work_mode = excluded.work_mode,
  type = excluded.type,
  score = excluded.score,
  rich_description = excluded.rich_description,
  assignee_name = excluded.assignee_name,
  tags_json = excluded.tags_json,
  assignment_status = excluded.assignment_status,
  assignment_requested_by_member_id = excluded.assignment_requested_by_member_id,
  assignment_requested_at = excluded.assignment_requested_at,
  assignment_responded_at = excluded.assignment_responded_at;

INSERT INTO time_entries (
  id, organization_id, member_id, task_id, project_id, client_id, entry_date,
  minutes, billable, note, work_mode, created_at, updated_at
)
VALUES
  ('time_axel_github_20260704_revolut_profit_guard_scanner_risk', 'org_demo_righello', 'mem_axel_wearerighello', 'task_axel_github_20260704_20260707_revolut_profit_guard_scanner_risk', 'project_internal_revolut_crypto_scalper', 'client_internal_righello_ops', '2026-07-04', 180, 1, 'Consuntivo GitHub verificato: profit guard, cash-rich deploy e scanner AI.', 'remote', CURRENT_TIMESTAMP, CURRENT_TIMESTAMP),
  ('time_axel_github_20260705_revolut_profit_guard_scanner_risk', 'org_demo_righello', 'mem_axel_wearerighello', 'task_axel_github_20260704_20260707_revolut_profit_guard_scanner_risk', 'project_internal_revolut_crypto_scalper', 'client_internal_righello_ops', '2026-07-05', 150, 1, 'Consuntivo GitHub verificato: exits, stale scanner sells e buy guards.', 'remote', CURRENT_TIMESTAMP, CURRENT_TIMESTAMP),
  ('time_axel_github_20260706_revolut_profit_guard_scanner_risk', 'org_demo_righello', 'mem_axel_wearerighello', 'task_axel_github_20260704_20260707_revolut_profit_guard_scanner_risk', 'project_internal_revolut_crypto_scalper', 'client_internal_righello_ops', '2026-07-06', 150, 1, 'Consuntivo GitHub verificato: news sentiment timeout/retry e test worker.', 'remote', CURRENT_TIMESTAMP, CURRENT_TIMESTAMP),
  ('time_axel_github_20260707_revolut_profit_guard_scanner_risk', 'org_demo_righello', 'mem_axel_wearerighello', 'task_axel_github_20260704_20260707_revolut_profit_guard_scanner_risk', 'project_internal_revolut_crypto_scalper', 'client_internal_righello_ops', '2026-07-07', 90, 1, 'Consuntivo GitHub verificato: chiusura test scanner/runtime Codex.', 'remote', CURRENT_TIMESTAMP, CURRENT_TIMESTAMP),
  ('time_axel_github_20260704_dico_v3_referenze_trust', 'org_demo_righello', 'mem_axel_wearerighello', 'task_axel_github_20260704_20260707_dico_v3_referenze_trust', 'project_internal_dico_online_site', 'client_internal_dico_online', '2026-07-04', 180, 1, 'Consuntivo GitHub verificato: DICO v3 hero/canvas e product polish.', 'remote', CURRENT_TIMESTAMP, CURRENT_TIMESTAMP),
  ('time_axel_github_20260705_dico_v3_referenze_trust', 'org_demo_righello', 'mem_axel_wearerighello', 'task_axel_github_20260704_20260707_dico_v3_referenze_trust', 'project_internal_dico_online_site', 'client_internal_dico_online', '2026-07-05', 120, 1, 'Consuntivo GitHub verificato: referenze, copy comuni e trust layer.', 'remote', CURRENT_TIMESTAMP, CURRENT_TIMESTAMP),
  ('time_axel_github_20260706_dico_v3_referenze_trust', 'org_demo_righello', 'mem_axel_wearerighello', 'task_axel_github_20260704_20260707_dico_v3_referenze_trust', 'project_internal_dico_online_site', 'client_internal_dico_online', '2026-07-06', 60, 1, 'Consuntivo GitHub verificato: mobile overflow, nav e griglie.', 'remote', CURRENT_TIMESTAMP, CURRENT_TIMESTAMP),
  ('time_axel_github_20260707_dico_v3_referenze_trust', 'org_demo_righello', 'mem_axel_wearerighello', 'task_axel_github_20260704_20260707_dico_v3_referenze_trust', 'project_internal_dico_online_site', 'client_internal_dico_online', '2026-07-07', 30, 1, 'Consuntivo GitHub verificato: rifiniture asset/foto territorio.', 'remote', CURRENT_TIMESTAMP, CURRENT_TIMESTAMP),
  ('time_axel_github_20260704_obs_football_lanner_marker_provenance', 'org_demo_righello', 'mem_axel_wearerighello', 'task_axel_github_20260704_20260707_obs_football_lanner_marker_provenance', 'project_internal_obs_padel_stream_overlay', 'client_internal_righello_ops', '2026-07-04', 150, 1, 'Consuntivo GitHub verificato: marker football, lanner e scorebar.', 'remote', CURRENT_TIMESTAMP, CURRENT_TIMESTAMP),
  ('time_axel_github_20260705_obs_football_lanner_marker_provenance', 'org_demo_righello', 'mem_axel_wearerighello', 'task_axel_github_20260704_20260707_obs_football_lanner_marker_provenance', 'project_internal_obs_padel_stream_overlay', 'client_internal_righello_ops', '2026-07-05', 90, 1, 'Consuntivo GitHub verificato: marker room provenance e JSON metadata.', 'remote', CURRENT_TIMESTAMP, CURRENT_TIMESTAMP),
  ('time_axel_github_20260706_obs_football_lanner_marker_provenance', 'org_demo_righello', 'mem_axel_wearerighello', 'task_axel_github_20260704_20260707_obs_football_lanner_marker_provenance', 'project_internal_obs_padel_stream_overlay', 'client_internal_righello_ops', '2026-07-06', 60, 1, 'Consuntivo GitHub verificato: guided flow remote e Paolo replay flow.', 'remote', CURRENT_TIMESTAMP, CURRENT_TIMESTAMP),
  ('time_axel_github_20260705_solero_admin_lead_cms_smoke', 'org_demo_righello', 'mem_axel_wearerighello', 'task_axel_github_20260704_20260707_solero_admin_lead_cms_smoke', 'project_internal_solero_sport_village', 'client_rig_ssvo', '2026-07-05', 90, 1, 'Consuntivo GitHub verificato: admin CMS, menu overlay e Lenis.', 'remote', CURRENT_TIMESTAMP, CURRENT_TIMESTAMP),
  ('time_axel_github_20260706_solero_admin_lead_cms_smoke', 'org_demo_righello', 'mem_axel_wearerighello', 'task_axel_github_20260704_20260707_solero_admin_lead_cms_smoke', 'project_internal_solero_sport_village', 'client_rig_ssvo', '2026-07-06', 75, 1, 'Consuntivo GitHub verificato: lead notifications e template email.', 'remote', CURRENT_TIMESTAMP, CURRENT_TIMESTAMP),
  ('time_axel_github_20260707_solero_admin_lead_cms_smoke', 'org_demo_righello', 'mem_axel_wearerighello', 'task_axel_github_20260704_20260707_solero_admin_lead_cms_smoke', 'project_internal_solero_sport_village', 'client_rig_ssvo', '2026-07-07', 45, 1, 'Consuntivo GitHub verificato: hardening form pubblici e smoke CMS.', 'remote', CURRENT_TIMESTAMP, CURRENT_TIMESTAMP),
  ('time_axel_github_20260705_canale77_vod_ftp_tv_native', 'org_demo_righello', 'mem_axel_wearerighello', 'task_axel_github_20260704_20260707_canale77_vod_ftp_tv_native', 'project_internal_canale77_ott_platform', 'client_internal_canale77', '2026-07-05', 60, 1, 'Consuntivo GitHub verificato: VOD FTP adapter/importer.', 'remote', CURRENT_TIMESTAMP, CURRENT_TIMESTAMP),
  ('time_axel_github_20260706_canale77_vod_ftp_tv_native', 'org_demo_righello', 'mem_axel_wearerighello', 'task_axel_github_20260704_20260707_canale77_vod_ftp_tv_native', 'project_internal_canale77_ott_platform', 'client_internal_canale77', '2026-07-06', 75, 1, 'Consuntivo GitHub verificato: publisher VOD FTP e UX TV.', 'remote', CURRENT_TIMESTAMP, CURRENT_TIMESTAMP),
  ('time_axel_github_20260707_canale77_vod_ftp_tv_native', 'org_demo_righello', 'mem_axel_wearerighello', 'task_axel_github_20260704_20260707_canale77_vod_ftp_tv_native', 'project_internal_canale77_ott_platform', 'client_internal_canale77', '2026-07-07', 45, 1, 'Consuntivo GitHub verificato: wrapper Tizen/Android TV e docs parity.', 'remote', CURRENT_TIMESTAMP, CURRENT_TIMESTAMP),
  ('time_axel_github_20260705_buffr_testflight_sync', 'org_demo_righello', 'mem_axel_wearerighello', 'task_axel_github_20260704_20260707_buffr_testflight_sync', 'project_internal_buffr', 'client_internal_righello_ops', '2026-07-05', 60, 1, 'Consuntivo GitHub verificato: BUFFR 1.1 e Righello sync.', 'remote', CURRENT_TIMESTAMP, CURRENT_TIMESTAMP),
  ('time_axel_github_20260706_buffr_testflight_sync', 'org_demo_righello', 'mem_axel_wearerighello', 'task_axel_github_20260704_20260707_buffr_testflight_sync', 'project_internal_buffr', 'client_internal_righello_ops', '2026-07-06', 45, 1, 'Consuntivo GitHub verificato: context/service sync e heartbeat simulato.', 'remote', CURRENT_TIMESTAMP, CURRENT_TIMESTAMP),
  ('time_axel_github_20260707_buffr_testflight_sync', 'org_demo_righello', 'mem_axel_wearerighello', 'task_axel_github_20260704_20260707_buffr_testflight_sync', 'project_internal_buffr', 'client_internal_righello_ops', '2026-07-07', 45, 1, 'Consuntivo GitHub verificato: gallery app e metadata iOS.', 'remote', CURRENT_TIMESTAMP, CURRENT_TIMESTAMP),
  ('time_axel_github_20260706_whatsapp_graph_citations_civic', 'org_demo_righello', 'mem_axel_wearerighello', 'task_axel_github_20260704_20260707_whatsapp_graph_citations_civic', 'project_internal_whatsapp_gateway', 'client_internal_righello_ops', '2026-07-06', 75, 1, 'Consuntivo GitHub verificato: graph sources/citations e risposte civiche.', 'remote', CURRENT_TIMESTAMP, CURRENT_TIMESTAMP),
  ('time_axel_github_20260707_whatsapp_graph_citations_civic', 'org_demo_righello', 'mem_axel_wearerighello', 'task_axel_github_20260704_20260707_whatsapp_graph_citations_civic', 'project_internal_whatsapp_gateway', 'client_internal_righello_ops', '2026-07-07', 45, 1, 'Consuntivo GitHub verificato: export Obsidian e test graph utils.', 'remote', CURRENT_TIMESTAMP, CURRENT_TIMESTAMP),
  ('time_axel_github_20260706_righello_site_email_seo', 'org_demo_righello', 'mem_axel_wearerighello', 'task_axel_github_20260704_20260707_righello_site_email_seo', 'project_internal_righello_site', 'client_internal_righello_ops', '2026-07-06', 45, 1, 'Consuntivo GitHub verificato: noindex error pages e Safari footer.', 'remote', CURRENT_TIMESTAMP, CURRENT_TIMESTAMP),
  ('time_axel_github_20260707_righello_site_email_seo', 'org_demo_righello', 'mem_axel_wearerighello', 'task_axel_github_20260704_20260707_righello_site_email_seo', 'project_internal_righello_site', 'client_internal_righello_ops', '2026-07-07', 45, 1, 'Consuntivo GitHub verificato: email templates, preview e test.', 'remote', CURRENT_TIMESTAMP, CURRENT_TIMESTAMP),
  ('time_axel_github_20260706_portopiccolo_guesty_iubenda_i18n', 'org_demo_righello', 'mem_axel_wearerighello', 'task_axel_github_20260704_20260707_portopiccolo_guesty_iubenda_i18n', 'project_internal_portopiccolo', 'client_rig_ppap', '2026-07-06', 60, 1, 'Consuntivo GitHub verificato: Iubenda, privacy/cookie policy e i18n.', 'remote', CURRENT_TIMESTAMP, CURRENT_TIMESTAMP),
  ('time_axel_github_20260707_portopiccolo_guesty_iubenda_i18n', 'org_demo_righello', 'mem_axel_wearerighello', 'task_axel_github_20260704_20260707_portopiccolo_guesty_iubenda_i18n', 'project_internal_portopiccolo', 'client_rig_ppap', '2026-07-07', 60, 1, 'Consuntivo GitHub verificato: Guesty checkout e copy pagamento sicuro.', 'remote', CURRENT_TIMESTAMP, CURRENT_TIMESTAMP),
  ('time_axel_github_20260706_gusto_ipad_catina_testflight', 'org_demo_righello', 'mem_axel_wearerighello', 'task_axel_github_20260704_20260707_gusto_ipad_catina_testflight', 'project_internal_gusto_raffinato', 'client_internal_gusto_raffinato', '2026-07-06', 45, 1, 'Consuntivo GitHub verificato: scanner iPad e menu Catina.', 'remote', CURRENT_TIMESTAMP, CURRENT_TIMESTAMP),
  ('time_axel_github_20260707_gusto_ipad_catina_testflight', 'org_demo_righello', 'mem_axel_wearerighello', 'task_axel_github_20260704_20260707_gusto_ipad_catina_testflight', 'project_internal_gusto_raffinato', 'client_internal_gusto_raffinato', '2026-07-07', 45, 1, 'Consuntivo GitHub verificato: graph ingredient/store e TestFlight.', 'remote', CURRENT_TIMESTAMP, CURRENT_TIMESTAMP),
  ('time_axel_github_20260707_lumis_camera_import_build51', 'org_demo_righello', 'mem_axel_wearerighello', 'task_axel_github_20260704_20260707_lumis_camera_import_build51', 'project_internal_lumis_photo_publisher', 'client_internal_righello_ops', '2026-07-07', 45, 1, 'Consuntivo GitHub verificato: camera import iOS e build Lumis 51.', 'remote', CURRENT_TIMESTAMP, CURRENT_TIMESTAMP),
  ('time_axel_github_20260707_tetha_pr_quote_telegram_codex', 'org_demo_righello', 'mem_axel_wearerighello', 'task_axel_github_20260704_20260707_tetha_pr_quote_telegram_codex', 'project_internal_tetha', 'client_internal_righello_ops', '2026-07-07', 255, 1, 'Consuntivo GitHub verificato: Tetha PR #1 quote Telegram, Graphify brain e Codex OAuth status.', 'remote', CURRENT_TIMESTAMP, CURRENT_TIMESTAMP)
ON CONFLICT(id) DO UPDATE SET
  task_id = excluded.task_id,
  project_id = excluded.project_id,
  client_id = excluded.client_id,
  entry_date = excluded.entry_date,
  minutes = excluded.minutes,
  billable = excluded.billable,
  note = excluded.note,
  work_mode = excluded.work_mode,
  updated_at = CURRENT_TIMESTAMP;

INSERT INTO work_days (
  id, organization_id, member_id, entry_date, check_in_at, check_out_at,
  status, absence_reason, notes, created_at, updated_at
)
VALUES
  ('workday_axel_github_20260704_normalized', 'org_demo_righello', 'mem_axel_wearerighello', '2026-07-04', '2026-07-04T07:45:00+02:00', '2026-07-04T22:30:00+02:00', 'closed', NULL, 'Normalizzato da consuntivi GitHub verificati post-cutoff: 510 minuti task di valore sul 4 luglio.', CURRENT_TIMESTAMP, CURRENT_TIMESTAMP),
  ('workday_axel_github_20260705_normalized', 'org_demo_righello', 'mem_axel_wearerighello', '2026-07-05', '2026-07-05T08:15:00+02:00', '2026-07-05T21:30:00+02:00', 'closed', NULL, 'Normalizzato da consuntivi GitHub verificati: 570 minuti task di valore sul 5 luglio.', CURRENT_TIMESTAMP, CURRENT_TIMESTAMP),
  ('workday_axel_github_20260706_normalized', 'org_demo_righello', 'mem_axel_wearerighello', '2026-07-06', '2026-07-06T08:00:00+02:00', '2026-07-06T22:45:00+02:00', 'closed', NULL, 'Normalizzato da consuntivi GitHub verificati: 690 minuti task di valore sul 6 luglio.', CURRENT_TIMESTAMP, CURRENT_TIMESTAMP),
  ('workday_axel_github_20260707_normalized', 'org_demo_righello', 'mem_axel_wearerighello', '2026-07-07', '2026-07-07T06:15:00+02:00', '2026-07-07T18:55:00+02:00', 'closed', NULL, 'Normalizzato da consuntivi GitHub verificati fino alle 18:55: 750 minuti task di valore sul 7 luglio.', CURRENT_TIMESTAMP, CURRENT_TIMESTAMP)
ON CONFLICT(organization_id, member_id, entry_date) DO UPDATE SET
  check_in_at = excluded.check_in_at,
  check_out_at = excluded.check_out_at,
  status = excluded.status,
  absence_reason = excluded.absence_reason,
  notes = excluded.notes,
  updated_at = CURRENT_TIMESTAMP;

UPDATE tasks
SET actual_minutes = (
  SELECT COALESCE(SUM(time_entries.minutes), 0)
  FROM time_entries
  WHERE time_entries.organization_id = tasks.organization_id
    AND time_entries.task_id = tasks.id
),
updated_at = CURRENT_TIMESTAMP
WHERE organization_id = 'org_demo_righello'
  AND assignee_member_id = 'mem_axel_wearerighello'
  AND id IN (
    'task_axel_github_20260704_20260707_revolut_profit_guard_scanner_risk',
    'task_axel_github_20260704_20260707_dico_v3_referenze_trust',
    'task_axel_github_20260704_20260707_obs_football_lanner_marker_provenance',
    'task_axel_github_20260704_20260707_solero_admin_lead_cms_smoke',
    'task_axel_github_20260704_20260707_canale77_vod_ftp_tv_native',
    'task_axel_github_20260704_20260707_buffr_testflight_sync',
    'task_axel_github_20260704_20260707_whatsapp_graph_citations_civic',
    'task_axel_github_20260704_20260707_righello_site_email_seo',
    'task_axel_github_20260704_20260707_portopiccolo_guesty_iubenda_i18n',
    'task_axel_github_20260704_20260707_gusto_ipad_catina_testflight',
    'task_axel_github_20260704_20260707_lumis_camera_import_build51',
    'task_axel_github_20260704_20260707_tetha_pr_quote_telegram_codex'
  );
