-- Idempotent GitHub activity import for Axel Fleureau.
-- Period: 2026-06-11 09:20 Europe/Rome to 2026-06-12 07:20 Europe/Rome.
-- Source: verified GitHub activity summary supplied by Axel.
-- Durations are estimates from breadth/impact, capped to a realistic founder/CTO workload.

INSERT OR IGNORE INTO clients (
  id, organization_id, name, company, status, code, type, source, notes
)
VALUES
  ('client_internal_ohmydress', 'org_demo_righello', 'Oh My Dress', 'Oh My Dress', 'active', 'OHMYDRESS', 'internal_product', 'github_activity', 'Cliente/prodotto creato da import GitHub operativo Axel 2026-06-11/12.'),
  ('client_internal_gusto_raffinato', 'org_demo_righello', 'Gusto Raffinato', 'Gusto Raffinato', 'active', 'GUSTO', 'internal_product', 'github_activity', 'Cliente/prodotto creato da import GitHub operativo Axel 2026-06-11/12.');

INSERT INTO projects (
  id, organization_id, client_id, name, status, budget_cents, starts_at, due_at
)
VALUES
  ('project_internal_ohmydress_ecommerce', 'org_demo_righello', 'client_internal_ohmydress', 'Oh My Dress Ecommerce', 'active', 0, '2026-06-11', NULL),
  ('project_internal_gusto_raffinato', 'org_demo_righello', 'client_internal_gusto_raffinato', 'Gusto Raffinato Restaurant OS', 'active', 0, '2026-06-11', NULL),
  ('project_internal_whatsapp_gateway', 'org_demo_righello', 'client_internal_righello_ops', 'WhatsApp Web Gateway', 'active', 0, '2026-06-11', NULL)
ON CONFLICT(id) DO UPDATE SET
  client_id = excluded.client_id,
  name = excluded.name,
  status = excluded.status,
  starts_at = excluded.starts_at,
  updated_at = CURRENT_TIMESTAMP;

INSERT INTO tasks (
  id, organization_id, project_id, assignee_member_id, title, description,
  status, priority, estimated_minutes, actual_minutes, due_at, created_at, updated_at,
  column_id, client_id, client_name, type, score, rich_description,
  assignee_name, tags_json, attachments_json, comments_json, sub_items_json,
  created_by_member_id, assignment_status, assignment_requested_by_member_id,
  assignment_requested_at, assignment_responded_at
)
VALUES
  (
    'task_axel_github_20260611_20260612_optima_realtime_agentic',
    'org_demo_righello',
    'project_internal_optima',
    'mem_axel_wearerighello',
    '2026-06-11/12 - Optima presenze realtime, graph memory e self-improvement',
    'Refresh live dati operativi, calendario presenze realtime, UX giorno/cella, graph memory knowhow, Obsidian workflow, self-improvement loop e seed task Axel.',
    'done',
    'urgent',
    180,
    180,
    '2026-06-12T05:20:00.000Z',
    '2026-06-11T07:20:00.000Z',
    CURRENT_TIMESTAMP,
    'done',
    'client_internal_righello_ops',
    'Righello',
    'AI operations / Optima OS',
    10,
    'Attivita GitHub verificata su axelfleureau/optima-beta. Include refresh live dei dati operativi, vista calendario presenze realtime, separazione interazioni giorno/cella worker-day, linguaggio colori heatmap, correzione workload Axel, storico presenze admin, import full knowhow tree nel graph memory, catalogo skill, conteggi knowhow, link vault Obsidian, graph/operational memory, self-improvement loop, recovery control loop, audit disponibilita pagina agentica, seed task online Axel, seed SQL GitHub giugno 6-11, privacy quote board, overflow hero preventivi e OAuth Wrangler per seed Axel.',
    'Axel Fleureau',
    '["github-real","2026-06-11","2026-06-12","duration-estimated-github","optima-beta","presence-realtime","graph-memory","knowhow","obsidian","self-improvement","quotes","cloudflare"]',
    '[]',
    '[]',
    '[]',
    'mem_axel_wearerighello',
    'accepted',
    'mem_axel_wearerighello',
    '2026-06-11T07:20:00.000Z',
    '2026-06-12T05:20:00.000Z'
  ),
  (
    'task_axel_github_20260611_20260612_portopiccolo_guesty_checkout',
    'org_demo_righello',
    'project_internal_portopiccolo',
    'mem_axel_wearerighello',
    '2026-06-11/12 - Portopiccolo Guesty checkout, availability e guest area',
    'Persistenza token OAuth Guesty, checkout quote flow, availability booking, area ospite verificata e rifiniture UI appartamenti/mobile.',
    'done',
    'high',
    90,
    90,
    '2026-06-12T05:20:00.000Z',
    '2026-06-11T07:50:00.000Z',
    CURRENT_TIMESTAMP,
    'done',
    'client_rig_ppap',
    'Portopiccolo',
    'Booking / Guesty operations',
    9,
    'Attivita GitHub verificata su axelfleureau/Portopiccolo. Include persistenza token OAuth Guesty in D1, validazione codice fiscale italiano, checkout via Guesty quote flow, termini tariffa non rimborsabile, label tariffarie, availability Guesty nel date picker, filtri categoria appartamenti allineati ai tag Guesty, area ospite verificata, normalizzazione not found, pagine area ospite, spacing header/stats, azioni overlay booking/dettagli, hero overlay, gallery mobile e momentum scroll nativo. Workflow audit-images passato.',
    'Axel Fleureau',
    '["github-real","2026-06-11","2026-06-12","duration-estimated-github","portopiccolo","guesty","oauth","checkout","availability","guest-area","mobile-ux","audit-images"]',
    '[]',
    '[]',
    '[]',
    'mem_axel_wearerighello',
    'accepted',
    'mem_axel_wearerighello',
    '2026-06-11T07:50:00.000Z',
    '2026-06-12T05:20:00.000Z'
  ),
  (
    'task_axel_github_20260611_20260612_canale77_tv_streaming',
    'org_demo_righello',
    'project_internal_canale77_ott_platform',
    'mem_axel_wearerighello',
    '2026-06-11/12 - Canale77 streaming UX e TV store readiness',
    'UX streaming, FTP media intake, fallback registry, card Netflix-like, adapter TV store e packaging Android TV/Tizen/WebOS/HbbTV.',
    'done',
    'high',
    75,
    75,
    '2026-06-12T05:20:00.000Z',
    '2026-06-11T08:10:00.000Z',
    CURRENT_TIMESTAMP,
    'done',
    'client_internal_canale77',
    'Canale77',
    'Streaming / TV readiness',
    8,
    'Attivita GitHub verificata su axelfleureau/canale77-ott-platform. Include raffinamento UX streaming e intake media FTP, fallback WordPress per registry FTP vuoto, espansione card stile Netflix, focus expansion, active card state coordinato, fisica rail piu stabile, superfici card unificate, clipping risolto, adapter readiness TV store, video hero frames, metadata ingest adattivi, strutture Android TV, Tizen, WebOS, HbbTV, checklist device QA, documentazione store readiness e script packaging piattaforme.',
    'Axel Fleureau',
    '["github-real","2026-06-11","2026-06-12","duration-estimated-github","canale77","streaming-ux","ftp-ingest","android-tv","tizen","webos","hbbtv","store-readiness"]',
    '[]',
    '[]',
    '[]',
    'mem_axel_wearerighello',
    'accepted',
    'mem_axel_wearerighello',
    '2026-06-11T08:10:00.000Z',
    '2026-06-12T05:20:00.000Z'
  ),
  (
    'task_axel_github_20260611_20260612_ohmydress_ecommerce',
    'org_demo_righello',
    'project_internal_ohmydress_ecommerce',
    'mem_axel_wearerighello',
    '2026-06-11/12 - Oh My Dress ecommerce self-hosted foundation',
    'Foundation ecommerce Next/Cloudflare/Medusa con admin, checkout, cart, orders, content, marketing, import Shopify e SEO tecnico.',
    'done',
    'urgent',
    150,
    150,
    '2026-06-12T05:20:00.000Z',
    '2026-06-11T08:30:00.000Z',
    CURRENT_TIMESTAMP,
    'done',
    'client_internal_ohmydress',
    'Oh My Dress',
    'Ecommerce / Platform foundation',
    10,
    'Attivita GitHub verificata su axelfleureau/ohmydress-ecommerce. Include foundation ecommerce self-hosted, architettura Next/Cloudflare con admin, checkout, cart, orders, content management, marketing e API, import/export prodotti Shopify/Medusa, catalogo prodotti, setup Medusa backend nel monorepo commerce, migrazioni ordini/pagine/carrelli, pagine prodotto, collezioni, checkout, wardrobe, contenuti multilingua EN, SEO tecnico robots/sitemap/llms.txt, DynamicHome, ProductDetail, Marketing, SamedayLockerSelector, cart sync, storage ordini/carrello, bootstrap Cloudflare, import tema Shopify e seed contenuti.',
    'Axel Fleureau',
    '["github-real","2026-06-11","2026-06-12","duration-estimated-github","ohmydress","ecommerce","nextjs","cloudflare","medusa","shopify-import","checkout","admin","seo"]',
    '[]',
    '[]',
    '[]',
    'mem_axel_wearerighello',
    'accepted',
    'mem_axel_wearerighello',
    '2026-06-11T08:30:00.000Z',
    '2026-06-12T05:20:00.000Z'
  ),
  (
    'task_axel_github_20260611_20260612_gusto_restaurant_os',
    'org_demo_righello',
    'project_internal_gusto_raffinato',
    'mem_axel_wearerighello',
    '2026-06-11/12 - Gusto Raffinato Restaurant OS e AI vision',
    'Restaurant OS v1 con Hermes Hostinger, table vision OpenAI/Codex/YOLO, Flutter/iOS Firebase, MCP, WhatsApp bridge e test.',
    'done',
    'urgent',
    150,
    150,
    '2026-06-12T05:20:00.000Z',
    '2026-06-11T09:00:00.000Z',
    CURRENT_TIMESTAMP,
    'done',
    'client_internal_gusto_raffinato',
    'Gusto Raffinato',
    'Restaurant OS / AI vision',
    10,
    'Attivita GitHub verificata su axelfleureau/gusto_raffinato. Include Restaurant OS v1, visione tavoli AI ibrida, backend Hermes Hostinger con Docker, API server, policy engine, demo store, bridge WhatsApp e moduli vision, table vision con OpenAI, Codex CLI e YOLO detector, Flutter/iOS con Firebase, entitlements, Podfile, modelli, Redux restaurant_os, servizi Hermes/MCP, scanner tavoli, dashboard ristorante, UI Hermes OS, documentazione floor vision copilot, Hermes MCP restaurant OS, strategia WhatsApp MCP, gap competitor Pienissimo, business idea Restaurant OS e test policy engine/model/table vision.',
    'Axel Fleureau',
    '["github-real","2026-06-11","2026-06-12","duration-estimated-github","gusto-raffinato","restaurant-os","ai-vision","hermes","hostinger","whatsapp","mcp","flutter","firebase","testing"]',
    '[]',
    '[]',
    '[]',
    'mem_axel_wearerighello',
    'accepted',
    'mem_axel_wearerighello',
    '2026-06-11T09:00:00.000Z',
    '2026-06-12T05:20:00.000Z'
  ),
  (
    'task_axel_github_20260611_20260612_lumis_admin_gallery',
    'org_demo_righello',
    'project_internal_lumis_photo_publisher',
    'mem_axel_wearerighello',
    '2026-06-11/12 - Lumis admin, gallery, face search e SEO',
    'Audit sito/admin Lumis, leggibilita admin, gallery/lightbox, face search gate, SEO pricing e CSS/layout gallery.',
    'done',
    'medium',
    45,
    45,
    '2026-06-12T05:20:00.000Z',
    '2026-06-11T09:20:00.000Z',
    CURRENT_TIMESTAMP,
    'done',
    'client_internal_righello_ops',
    'Righello',
    'Lumis / Admin UX',
    7,
    'Attivita GitHub verificata su axelfleureau/Photo-publisher-righello. Include audit ottimizzazione sito Lumis, audit UX tenant admin, leggibilita admin, controlli gallery/lightbox, gate face search tramite event indexing, SEO route-specific per pricing Lumis, ottimizzazione CSS e layout gallery.',
    'Axel Fleureau',
    '["github-real","2026-06-11","2026-06-12","duration-estimated-github","lumis","photo-publisher","admin-ux","gallery","face-search","seo"]',
    '[]',
    '[]',
    '[]',
    'mem_axel_wearerighello',
    'accepted',
    'mem_axel_wearerighello',
    '2026-06-11T09:20:00.000Z',
    '2026-06-12T05:20:00.000Z'
  ),
  (
    'task_axel_github_20260611_20260612_dico_brand_pa',
    'org_demo_righello',
    'project_internal_dico_online_site',
    'mem_axel_wearerighello',
    '2026-06-11/12 - DICO brand PA stabile e performance mobile',
    'Riallineamento siti DICO con brand PA stabile, performance mobile v2, foto Pordenone, asset/nav/footer/home e documentazione committenza.',
    'done',
    'medium',
    30,
    30,
    '2026-06-12T05:20:00.000Z',
    '2026-06-11T09:30:00.000Z',
    CURRENT_TIMESTAMP,
    'done',
    'client_internal_dico_online',
    'DICO Online',
    'Frontend / Branding PA',
    7,
    'Attivita GitHub verificata su axelfleureau/Dico-online-site. Include riallineamento siti DICO con brand PA stabile, ottimizzazione performance mobile DICO version 2, uso foto Pordenone nel case DICO version 2, aggiornamento asset, nav, footer, home, build statica version 2 e documentazione riallineamento committenza.',
    'Axel Fleureau',
    '["github-real","2026-06-11","2026-06-12","duration-estimated-github","dico-online-site","brand-pa","performance-mobile","assets","static-build"]',
    '[]',
    '[]',
    '[]',
    'mem_axel_wearerighello',
    'accepted',
    'mem_axel_wearerighello',
    '2026-06-11T09:30:00.000Z',
    '2026-06-12T05:20:00.000Z'
  ),
  (
    'task_axel_github_20260611_20260612_whatsapp_gateway',
    'org_demo_righello',
    'project_internal_whatsapp_gateway',
    'mem_axel_wearerighello',
    '2026-06-11/12 - WhatsApp gateway bot e knowledge base',
    'Potenziamento gateway bot WhatsApp, documentazione OpenWA, knowledge base Pordenone, server gateway e env.',
    'done',
    'medium',
    30,
    30,
    '2026-06-12T05:20:00.000Z',
    '2026-06-11T09:40:00.000Z',
    CURRENT_TIMESTAMP,
    'done',
    'client_internal_righello_ops',
    'Righello',
    'WhatsApp / Automation',
    7,
    'Attivita GitHub verificata su axelfleureau/whatsapp-web.js. Include potenziamento gateway bot WhatsApp e knowledge base, documentazione OpenWA gateway, knowledge base Pordenone, estensione server gateway e configurazione env.',
    'Axel Fleureau',
    '["github-real","2026-06-11","2026-06-12","duration-estimated-github","whatsapp-web-js","openwa","knowledge-base","pordenone","gateway"]',
    '[]',
    '[]',
    '[]',
    'mem_axel_wearerighello',
    'accepted',
    'mem_axel_wearerighello',
    '2026-06-11T09:40:00.000Z',
    '2026-06-12T05:20:00.000Z'
  ),
  (
    'task_axel_github_20260611_20260612_righello_site_seo_mestre',
    'org_demo_righello',
    'project_internal_righello_site',
    'mem_axel_wearerighello',
    '2026-06-11/12 - Righello Site SEO Mestre, team e llms',
    'Rafforzamento SEO locale Mestre, aggiornamento ritratto team Paolo e llms.txt.',
    'done',
    'medium',
    15,
    15,
    '2026-06-12T05:20:00.000Z',
    '2026-06-11T09:50:00.000Z',
    CURRENT_TIMESTAMP,
    'done',
    'client_internal_righello_ops',
    'Righello',
    'SEO / Team branding',
    6,
    'Attivita GitHub verificata su axelfleureau/righello-site. Include rafforzamento pagina SEO locale Mestre, aggiornamento ritratto team Paolo e llms.txt. Criticita ancora aperta: CI/CD fallita per npm ci, package.json e package-lock non sincronizzati, mancanti drizzle-orm@0.45.2 e picomatch@4.0.4.',
    'Axel Fleureau',
    '["github-real","2026-06-11","2026-06-12","duration-estimated-github","righello-site","seo-mestre","team","llms","ci-lockfile"]',
    '[]',
    '[]',
    '[]',
    'mem_axel_wearerighello',
    'accepted',
    'mem_axel_wearerighello',
    '2026-06-11T09:50:00.000Z',
    '2026-06-12T05:20:00.000Z'
  ),
  (
    'task_axel_github_20260611_20260612_revolut_legacy_discipline',
    'org_demo_righello',
    'project_internal_revolut_crypto_scalper',
    'mem_axel_wearerighello',
    '2026-06-11/12 - Revolut live trading legacy discipline',
    'Impostazione live trading default su legacy discipline e worker piu conservativo.',
    'done',
    'medium',
    15,
    15,
    '2026-06-12T05:20:00.000Z',
    '2026-06-11T10:00:00.000Z',
    CURRENT_TIMESTAMP,
    'done',
    'client_internal_righello_ops',
    'Righello',
    'Trading automation / Risk config',
    6,
    'Attivita GitHub verificata su axelfleureau/revolut-crypto-scalper. Include impostazione live trading default su legacy discipline e modifica logica worker per mantenere comportamento live piu conservativo.',
    'Axel Fleureau',
    '["github-real","2026-06-11","2026-06-12","duration-estimated-github","revolut","legacy-discipline","worker","risk-management"]',
    '[]',
    '[]',
    '[]',
    'mem_axel_wearerighello',
    'accepted',
    'mem_axel_wearerighello',
    '2026-06-11T10:00:00.000Z',
    '2026-06-12T05:20:00.000Z'
  )
ON CONFLICT(id) DO UPDATE SET
  project_id = excluded.project_id,
  assignee_member_id = excluded.assignee_member_id,
  title = excluded.title,
  description = excluded.description,
  status = excluded.status,
  priority = excluded.priority,
  estimated_minutes = excluded.estimated_minutes,
  actual_minutes = excluded.actual_minutes,
  due_at = excluded.due_at,
  created_at = excluded.created_at,
  updated_at = excluded.updated_at,
  column_id = excluded.column_id,
  client_id = excluded.client_id,
  client_name = excluded.client_name,
  type = excluded.type,
  score = excluded.score,
  rich_description = excluded.rich_description,
  assignee_name = excluded.assignee_name,
  tags_json = excluded.tags_json,
  attachments_json = excluded.attachments_json,
  comments_json = excluded.comments_json,
  sub_items_json = excluded.sub_items_json,
  created_by_member_id = excluded.created_by_member_id,
  assignment_status = excluded.assignment_status,
  assignment_requested_by_member_id = excluded.assignment_requested_by_member_id,
  assignment_requested_at = excluded.assignment_requested_at,
  assignment_responded_at = excluded.assignment_responded_at;

INSERT INTO time_entries (
  id, organization_id, member_id, task_id, project_id, client_id,
  entry_date, minutes, billable, note, created_at, updated_at
)
VALUES
  ('time_axel_github_20260611_optima_realtime_agentic', 'org_demo_righello', 'mem_axel_wearerighello', 'task_axel_github_20260611_20260612_optima_realtime_agentic', 'project_internal_optima', 'client_internal_righello_ops', '2026-06-11', 120, 1, 'Stima GitHub 11 giugno: Optima realtime presenze, graph memory, Obsidian, self-improvement e seed Axel.', CURRENT_TIMESTAMP, CURRENT_TIMESTAMP),
  ('time_axel_github_20260612_optima_realtime_agentic', 'org_demo_righello', 'mem_axel_wearerighello', 'task_axel_github_20260611_20260612_optima_realtime_agentic', 'project_internal_optima', 'client_internal_righello_ops', '2026-06-12', 60, 1, 'Stima GitHub 12 giugno: chiusura notturna/mattutina Optima realtime e self-improvement.', CURRENT_TIMESTAMP, CURRENT_TIMESTAMP),
  ('time_axel_github_20260611_portopiccolo_guesty_checkout', 'org_demo_righello', 'mem_axel_wearerighello', 'task_axel_github_20260611_20260612_portopiccolo_guesty_checkout', 'project_internal_portopiccolo', 'client_rig_ppap', '2026-06-11', 90, 1, 'Stima GitHub 11 giugno: Portopiccolo Guesty OAuth, checkout, availability, guest area e UI appartamenti.', CURRENT_TIMESTAMP, CURRENT_TIMESTAMP),
  ('time_axel_github_20260611_canale77_tv_streaming', 'org_demo_righello', 'mem_axel_wearerighello', 'task_axel_github_20260611_20260612_canale77_tv_streaming', 'project_internal_canale77_ott_platform', 'client_internal_canale77', '2026-06-11', 75, 1, 'Stima GitHub 11 giugno: Canale77 streaming UX, FTP ingest, card Netflix-like e TV store readiness.', CURRENT_TIMESTAMP, CURRENT_TIMESTAMP),
  ('time_axel_github_20260611_ohmydress_ecommerce', 'org_demo_righello', 'mem_axel_wearerighello', 'task_axel_github_20260611_20260612_ohmydress_ecommerce', 'project_internal_ohmydress_ecommerce', 'client_internal_ohmydress', '2026-06-11', 150, 1, 'Stima GitHub 11 giugno: Oh My Dress ecommerce self-hosted, Medusa/Shopify import, checkout, admin e SEO.', CURRENT_TIMESTAMP, CURRENT_TIMESTAMP),
  ('time_axel_github_20260611_gusto_restaurant_os', 'org_demo_righello', 'mem_axel_wearerighello', 'task_axel_github_20260611_20260612_gusto_restaurant_os', 'project_internal_gusto_raffinato', 'client_internal_gusto_raffinato', '2026-06-11', 90, 1, 'Stima GitHub 11 giugno: Gusto Raffinato Restaurant OS, Hermes Hostinger, AI table vision, MCP e Flutter/iOS.', CURRENT_TIMESTAMP, CURRENT_TIMESTAMP),
  ('time_axel_github_20260612_gusto_restaurant_os', 'org_demo_righello', 'mem_axel_wearerighello', 'task_axel_github_20260611_20260612_gusto_restaurant_os', 'project_internal_gusto_raffinato', 'client_internal_gusto_raffinato', '2026-06-12', 60, 1, 'Stima GitHub 12 giugno: chiusura notturna/mattutina Gusto Raffinato Restaurant OS.', CURRENT_TIMESTAMP, CURRENT_TIMESTAMP),
  ('time_axel_github_20260611_lumis_admin_gallery', 'org_demo_righello', 'mem_axel_wearerighello', 'task_axel_github_20260611_20260612_lumis_admin_gallery', 'project_internal_lumis_photo_publisher', 'client_internal_righello_ops', '2026-06-11', 45, 1, 'Stima GitHub 11 giugno: Lumis admin UX, gallery/lightbox, face search e SEO pricing.', CURRENT_TIMESTAMP, CURRENT_TIMESTAMP),
  ('time_axel_github_20260611_dico_brand_pa', 'org_demo_righello', 'mem_axel_wearerighello', 'task_axel_github_20260611_20260612_dico_brand_pa', 'project_internal_dico_online_site', 'client_internal_dico_online', '2026-06-11', 30, 1, 'Stima GitHub 11 giugno: DICO brand PA stabile, performance mobile, asset e build statica.', CURRENT_TIMESTAMP, CURRENT_TIMESTAMP),
  ('time_axel_github_20260611_whatsapp_gateway', 'org_demo_righello', 'mem_axel_wearerighello', 'task_axel_github_20260611_20260612_whatsapp_gateway', 'project_internal_whatsapp_gateway', 'client_internal_righello_ops', '2026-06-11', 30, 1, 'Stima GitHub 11 giugno: WhatsApp gateway bot, OpenWA docs, knowledge base Pordenone e env.', CURRENT_TIMESTAMP, CURRENT_TIMESTAMP),
  ('time_axel_github_20260611_righello_site_seo_mestre', 'org_demo_righello', 'mem_axel_wearerighello', 'task_axel_github_20260611_20260612_righello_site_seo_mestre', 'project_internal_righello_site', 'client_internal_righello_ops', '2026-06-11', 15, 1, 'Stima GitHub 11 giugno: Righello Site SEO Mestre, ritratto Paolo e llms.txt.', CURRENT_TIMESTAMP, CURRENT_TIMESTAMP),
  ('time_axel_github_20260611_revolut_legacy_discipline', 'org_demo_righello', 'mem_axel_wearerighello', 'task_axel_github_20260611_20260612_revolut_legacy_discipline', 'project_internal_revolut_crypto_scalper', 'client_internal_righello_ops', '2026-06-11', 15, 1, 'Stima GitHub 11 giugno: Revolut live trading legacy discipline e worker conservativo.', CURRENT_TIMESTAMP, CURRENT_TIMESTAMP)
ON CONFLICT(id) DO UPDATE SET
  task_id = excluded.task_id,
  project_id = excluded.project_id,
  client_id = excluded.client_id,
  entry_date = excluded.entry_date,
  minutes = excluded.minutes,
  billable = excluded.billable,
  note = excluded.note,
  updated_at = CURRENT_TIMESTAMP;

INSERT INTO work_days (
  id, organization_id, member_id, entry_date, check_in_at, check_out_at, status, absence_reason, notes
)
VALUES
  ('workday_axel_20260611_github_import', 'org_demo_righello', 'mem_axel_wearerighello', '2026-06-11', '2026-06-11T09:20:00+02:00', '2026-06-11T21:20:00+02:00', 'closed', NULL, 'Presenza ricostruita da attivita GitHub verificata 11 giugno: 11h di task importate, giornata CTO/founder intensa.'),
  ('workday_axel_20260612_github_import', 'org_demo_righello', 'mem_axel_wearerighello', '2026-06-12', '2026-06-12T05:20:00+02:00', '2026-06-12T07:20:00+02:00', 'closed', NULL, 'Presenza ricostruita da attivita GitHub verificata 12 giugno: 2h notturne/mattutine importate.')
ON CONFLICT(organization_id, member_id, entry_date) DO UPDATE SET
  check_in_at = excluded.check_in_at,
  check_out_at = excluded.check_out_at,
  status = excluded.status,
  absence_reason = excluded.absence_reason,
  notes = excluded.notes,
  updated_at = CURRENT_TIMESTAMP;
