-- Idempotent GitHub activity import for Axel Fleureau.
-- Period: 2026-06-16 11:50 to 2026-06-16 23:16 Europe/Rome.
-- Source: verified GitHub activity summary supplied by Axel.
-- Workload policy: the morning import already recorded 6h on 2026-06-16; this file adds 8h.
-- Net day target after import: 14h, distributed across 7 repository-level operational tasks.

INSERT OR IGNORE INTO project_members (project_id, member_id, organization_id, role)
VALUES
  ('project_internal_gusto_raffinato', 'mem_axel_wearerighello', 'org_demo_righello', 'owner'),
  ('project_internal_whatsapp_gateway', 'mem_axel_wearerighello', 'org_demo_righello', 'owner'),
  ('project_internal_optima', 'mem_axel_wearerighello', 'org_demo_righello', 'owner'),
  ('project_internal_obs_padel_stream_overlay', 'mem_axel_wearerighello', 'org_demo_righello', 'owner'),
  ('project_internal_portopiccolo', 'mem_axel_wearerighello', 'org_demo_righello', 'owner'),
  ('project_internal_lumis_photo_publisher', 'mem_axel_wearerighello', 'org_demo_righello', 'owner'),
  ('project_internal_righello_site', 'mem_axel_wearerighello', 'org_demo_righello', 'owner');

INSERT INTO tasks (
  id, organization_id, project_id, assignee_member_id, title, description,
  status, priority, estimated_minutes, actual_minutes, due_at, created_at, updated_at,
  column_id, client_id, client_name, type, score, rich_description,
  assignee_name, tags_json, attachments_json, comments_json, sub_items_json,
  created_by_member_id, assignment_status, assignment_requested_by_member_id,
  assignment_requested_at, assignment_responded_at
)
VALUES
  (
    'task_axel_github_20260616_evening_gusto_booking_restaurant_os',
    'org_demo_righello',
    'project_internal_gusto_raffinato',
    'mem_axel_wearerighello',
    '2026-06-16 sera - Gusto core booking mobile e Restaurant OS',
    'Costruzione core consumer booking mobile, core iPad Restaurant OS, transizioni feed/locale/dettaglio, icona custom iOS, table vision e bump TestFlight.',
    'done',
    'urgent',
    120,
    120,
    '2026-06-16T21:16:00.000Z',
    '2026-06-16T11:50:00.000Z',
    CURRENT_TIMESTAMP,
    'done',
    'client_internal_gusto_raffinato',
    'Gusto Raffinato',
    'Mobile / Restaurant OS',
    10,
    'Attivita GitHub verificata su Gusto Raffinato. Periodo 16 giugno 11:50-23:16: core consumer booking mobile, core iPad Restaurant OS, transizioni hero e navigazione tra feed, locale e dettaglio ristorante, icona custom e asset launch/app icon iOS, table vision con fallback, tipi dati, scanner UI e servizi remoti, bump build TestFlight 202606160.',
    'Axel Fleureau',
    '["github-real","2026-06-16-sera","gusto-raffinato","mobile","booking","restaurant-os","table-vision","testflight"]',
    '[]',
    '[]',
    '[]',
    'mem_axel_wearerighello',
    'accepted',
    'mem_axel_wearerighello',
    '2026-06-16T11:50:00.000Z',
    '2026-06-16T21:16:00.000Z'
  ),
  (
    'task_axel_github_20260616_evening_whatsapp_graph_gemini_readiness',
    'org_demo_righello',
    'project_internal_whatsapp_gateway',
    'mem_axel_wearerighello',
    '2026-06-16 sera - WhatsApp graph knowledge, Gemini e readiness produzione',
    'Layer graph knowledge, fallback Gemini, readiness gates, healthcheck, drone recovery, OpenWA gateway, knowledge base Pordenone e runbook produzione.',
    'done',
    'urgent',
    105,
    105,
    '2026-06-16T21:16:00.000Z',
    '2026-06-16T12:15:00.000Z',
    CURRENT_TIMESTAMP,
    'done',
    'client_internal_righello_ops',
    'Righello',
    'AI operations / WhatsApp',
    10,
    'Attivita GitHub verificata su whatsapp-web.js. Aggiunto layer graph knowledge per il bot, fallback AI a Gemini, production readiness gates, healthcheck e readiness suite, gestione drone recovery, hardening suite, correzione risposte generiche di contatto su domande situazionali, aggiornamento OpenWA gateway, deploy, knowledge base Pordenone, documentazione architetturale e runbook produzione.',
    'Axel Fleureau',
    '["github-real","2026-06-16-sera","whatsapp-web-js","graph-knowledge","gemini","readiness","openwa","production"]',
    '[]',
    '[]',
    '[]',
    'mem_axel_wearerighello',
    'accepted',
    'mem_axel_wearerighello',
    '2026-06-16T12:15:00.000Z',
    '2026-06-16T21:16:00.000Z'
  ),
  (
    'task_axel_github_20260616_evening_optima_presence_pdf_quality',
    'org_demo_righello',
    'project_internal_optima',
    'mem_axel_wearerighello',
    '2026-06-16 sera - Optima presenze, preventivi PDF e qualità dati',
    'Correzione conteggi task presenze, seed attività Axel, PDF preventivi, budget controls, alias brevi, sanitizzazione cliente, no mock data e pagina pubblica quote link.',
    'done',
    'urgent',
    90,
    90,
    '2026-06-16T21:16:00.000Z',
    '2026-06-16T13:00:00.000Z',
    CURRENT_TIMESTAMP,
    'done',
    'client_internal_righello_ops',
    'Righello',
    'Gestionale interno / Proposal OS',
    10,
    'Attivita GitHub verificata su Optima Beta. Include correzione conteggi task nella pagina presenze e seed attività Axel, miglioramento PDF preventivi con layout, budget controls, alias brevi e sanitizzazione dati cliente, prevenzione dati mock nei PDF, aggiunta pagina pubblica quote link e controlli qualità dati preventivo.',
    'Axel Fleureau',
    '["github-real","2026-06-16-sera","optima-beta","presenze","preventivi","pdf","data-quality","quote-link"]',
    '[]',
    '[]',
    '[]',
    'mem_axel_wearerighello',
    'accepted',
    'mem_axel_wearerighello',
    '2026-06-16T13:00:00.000Z',
    '2026-06-16T21:16:00.000Z'
  ),
  (
    'task_axel_github_20260616_evening_obs_sport_production_pipeline',
    'org_demo_righello',
    'project_internal_obs_padel_stream_overlay',
    'mem_axel_wearerighello',
    '2026-06-16 sera - OBS pipeline produzione sportiva e quick markers',
    'Pipeline render per produzione sportiva, storage/schema produzione, route API, pagina produzione, quick markers e brief Cesare Calcio FVG.',
    'done',
    'high',
    60,
    60,
    '2026-06-16T21:16:00.000Z',
    '2026-06-16T14:00:00.000Z',
    CURRENT_TIMESTAMP,
    'done',
    'client_internal_righello_ops',
    'Righello',
    'Live production / Broadcast',
    9,
    'Attivita GitHub verificata su OBS Padel Stream Overlay. Aggiunta pipeline render per produzione sportiva, storage/schema produzione e route API dedicate, pagina produzione, quick markers lato interfaccia e documentazione brief produzione Cesare Calcio FVG.',
    'Axel Fleureau',
    '["github-real","2026-06-16-sera","obs-padel","live-production","broadcast","quick-markers","calcio-fvg"]',
    '[]',
    '[]',
    '[]',
    'mem_axel_wearerighello',
    'accepted',
    'mem_axel_wearerighello',
    '2026-06-16T14:00:00.000Z',
    '2026-06-16T21:16:00.000Z'
  ),
  (
    'task_axel_github_20260616_evening_portopiccolo_seo_availability',
    'org_demo_righello',
    'project_internal_portopiccolo',
    'mem_axel_wearerighello',
    '2026-06-16 sera - Portopiccolo SEO appartamenti e availability fallback',
    'Targeting SEO appartamenti, llms.txt pubblico, fallback disponibilità transitoria, FAQ appartamenti, search bar e audit-images completati.',
    'done',
    'high',
    45,
    45,
    '2026-06-16T21:16:00.000Z',
    '2026-06-16T15:00:00.000Z',
    CURRENT_TIMESTAMP,
    'done',
    'client_rig_ppap',
    'Portopiccolo Apartments',
    'Hospitality / SEO e booking',
    8,
    'Attivita GitHub verificata su Portopiccolo. Miglioramento targeting SEO appartamenti, aggiunto llms.txt pubblico, correzione fallback disponibilita transitoria nella lista appartamenti, rifinitura layout FAQ appartamenti e spacing pulsante search bar. Workflow audit-images completati con successo sui 4 push del periodo.',
    'Axel Fleureau',
    '["github-real","2026-06-16-sera","portopiccolo","seo","llms","guesty","availability","audit-images"]',
    '[]',
    '[]',
    '[]',
    'mem_axel_wearerighello',
    'accepted',
    'mem_axel_wearerighello',
    '2026-06-16T15:00:00.000Z',
    '2026-06-16T21:16:00.000Z'
  ),
  (
    'task_axel_github_20260616_evening_lumis_scroll_reveal',
    'org_demo_righello',
    'project_internal_lumis_photo_publisher',
    'mem_axel_wearerighello',
    '2026-06-16 sera - Lumis scroll reveal landing',
    'Aggiunta animazione scroll reveal sulla landing Lumis.',
    'done',
    'medium',
    30,
    30,
    '2026-06-16T21:16:00.000Z',
    '2026-06-16T16:00:00.000Z',
    CURRENT_TIMESTAMP,
    'done',
    'client_internal_righello_ops',
    'Righello',
    'Frontend / Landing',
    7,
    'Attivita GitHub verificata su Photo Publisher Righello / Lumis. Aggiunta animazione scroll reveal sulla landing Lumis e rifinitura CSS collegata.',
    'Axel Fleureau',
    '["github-real","2026-06-16-sera","lumis","landing","scroll-reveal","frontend"]',
    '[]',
    '[]',
    '[]',
    'mem_axel_wearerighello',
    'accepted',
    'mem_axel_wearerighello',
    '2026-06-16T16:00:00.000Z',
    '2026-06-16T21:16:00.000Z'
  ),
  (
    'task_axel_github_20260616_evening_righello_site_proof_of_work',
    'org_demo_righello',
    'project_internal_righello_site',
    'mem_axel_wearerighello',
    '2026-06-16 sera - Righello Site progetti proof of work',
    'Rifinitura pagina progetti/proof of work e rilevazione CI/CD fallita sul push b1c7043.',
    'done',
    'medium',
    30,
    30,
    '2026-06-16T21:16:00.000Z',
    '2026-06-16T17:00:00.000Z',
    CURRENT_TIMESTAMP,
    'done',
    'client_internal_righello_ops',
    'Righello',
    'Website / Portfolio',
    7,
    'Attivita GitHub verificata su Righello Site. Rifinitura pagina progetti / proof of work. Nota operativa: CI/CD fallita sul push b1c7043, da riprendere in follow-up tecnico.',
    'Axel Fleureau',
    '["github-real","2026-06-16-sera","righello-site","portfolio","proof-of-work","ci-failed"]',
    '[]',
    '[]',
    '[]',
    'mem_axel_wearerighello',
    'accepted',
    'mem_axel_wearerighello',
    '2026-06-16T17:00:00.000Z',
    '2026-06-16T21:16:00.000Z'
  )
ON CONFLICT(id) DO UPDATE SET
  project_id = excluded.project_id,
  assignee_member_id = excluded.assignee_member_id,
  title = excluded.title,
  description = excluded.description,
  status = excluded.status,
  priority = excluded.priority,
  estimated_minutes = excluded.estimated_minutes,
  actual_minutes = excluded.actual_minutes,
  due_at = excluded.due_at,
  updated_at = CURRENT_TIMESTAMP,
  column_id = excluded.column_id,
  client_id = excluded.client_id,
  client_name = excluded.client_name,
  type = excluded.type,
  score = excluded.score,
  rich_description = excluded.rich_description,
  assignee_name = excluded.assignee_name,
  tags_json = excluded.tags_json,
  assignment_status = excluded.assignment_status,
  assignment_responded_at = excluded.assignment_responded_at;

INSERT INTO time_entries (
  id, organization_id, member_id, task_id, project_id, entry_date,
  minutes, billable, note, created_at, updated_at, client_id
)
VALUES
  (
    'time_axel_github_20260616_evening_gusto_booking_restaurant_os',
    'org_demo_righello',
    'mem_axel_wearerighello',
    'task_axel_github_20260616_evening_gusto_booking_restaurant_os',
    'project_internal_gusto_raffinato',
    '2026-06-16',
    120,
    1,
    'Stima GitHub 16 giugno sera: Gusto core consumer booking, iPad Restaurant OS, table vision e TestFlight.',
    '2026-06-16T18:00:00.000Z',
    CURRENT_TIMESTAMP,
    'client_internal_gusto_raffinato'
  ),
  (
    'time_axel_github_20260616_evening_whatsapp_graph_gemini_readiness',
    'org_demo_righello',
    'mem_axel_wearerighello',
    'task_axel_github_20260616_evening_whatsapp_graph_gemini_readiness',
    'project_internal_whatsapp_gateway',
    '2026-06-16',
    105,
    1,
    'Stima GitHub 16 giugno sera: WhatsApp graph knowledge, Gemini fallback, readiness e OpenWA gateway.',
    '2026-06-16T18:15:00.000Z',
    CURRENT_TIMESTAMP,
    'client_internal_righello_ops'
  ),
  (
    'time_axel_github_20260616_evening_optima_presence_pdf_quality',
    'org_demo_righello',
    'mem_axel_wearerighello',
    'task_axel_github_20260616_evening_optima_presence_pdf_quality',
    'project_internal_optima',
    '2026-06-16',
    90,
    1,
    'Stima GitHub 16 giugno sera: Optima presenze, PDF preventivi, no mock data e quote link.',
    '2026-06-16T18:30:00.000Z',
    CURRENT_TIMESTAMP,
    'client_internal_righello_ops'
  ),
  (
    'time_axel_github_20260616_evening_obs_sport_production_pipeline',
    'org_demo_righello',
    'mem_axel_wearerighello',
    'task_axel_github_20260616_evening_obs_sport_production_pipeline',
    'project_internal_obs_padel_stream_overlay',
    '2026-06-16',
    60,
    1,
    'Stima GitHub 16 giugno sera: OBS pipeline produzione sportiva, storage/schema, API e quick markers.',
    '2026-06-16T19:00:00.000Z',
    CURRENT_TIMESTAMP,
    'client_internal_righello_ops'
  ),
  (
    'time_axel_github_20260616_evening_portopiccolo_seo_availability',
    'org_demo_righello',
    'mem_axel_wearerighello',
    'task_axel_github_20260616_evening_portopiccolo_seo_availability',
    'project_internal_portopiccolo',
    '2026-06-16',
    45,
    1,
    'Stima GitHub 16 giugno sera: Portopiccolo SEO appartamenti, llms.txt, fallback availability e FAQ.',
    '2026-06-16T19:30:00.000Z',
    CURRENT_TIMESTAMP,
    'client_rig_ppap'
  ),
  (
    'time_axel_github_20260616_evening_lumis_scroll_reveal',
    'org_demo_righello',
    'mem_axel_wearerighello',
    'task_axel_github_20260616_evening_lumis_scroll_reveal',
    'project_internal_lumis_photo_publisher',
    '2026-06-16',
    30,
    1,
    'Stima GitHub 16 giugno sera: Lumis scroll reveal landing.',
    '2026-06-16T20:00:00.000Z',
    CURRENT_TIMESTAMP,
    'client_internal_righello_ops'
  ),
  (
    'time_axel_github_20260616_evening_righello_site_proof_of_work',
    'org_demo_righello',
    'mem_axel_wearerighello',
    'task_axel_github_20260616_evening_righello_site_proof_of_work',
    'project_internal_righello_site',
    '2026-06-16',
    30,
    1,
    'Stima GitHub 16 giugno sera: Righello Site progetti proof of work e nota CI/CD fallita.',
    '2026-06-16T20:30:00.000Z',
    CURRENT_TIMESTAMP,
    'client_internal_righello_ops'
  )
ON CONFLICT(id) DO UPDATE SET
  task_id = excluded.task_id,
  project_id = excluded.project_id,
  entry_date = excluded.entry_date,
  minutes = excluded.minutes,
  billable = excluded.billable,
  note = excluded.note,
  updated_at = CURRENT_TIMESTAMP,
  client_id = excluded.client_id;
