-- Idempotent GitHub activity import for Axel Fleureau.
-- Period: 2026-06-16 23:16 to 2026-06-18 07:02 Europe/Rome.
-- Source: verified GitHub activity summary supplied by Axel.
-- Workload policy: do not collapse the whole report into one day.
-- Net workload added: 20h, distributed as 12h on 2026-06-17 and 8h on 2026-06-18.
-- The previous evening seed already brings 2026-06-16 to 14h, so this seed avoids adding more time to that day.
-- Scope: 95 commits on main branches, 9 repositories, plus 1 Tetha PR commit.

INSERT OR IGNORE INTO project_members (project_id, member_id, organization_id, role)
VALUES
  ('project_internal_gusto_raffinato', 'mem_axel_wearerighello', 'org_demo_righello', 'owner'),
  ('project_internal_portopiccolo', 'mem_axel_wearerighello', 'org_demo_righello', 'owner'),
  ('project_internal_whatsapp_gateway', 'mem_axel_wearerighello', 'org_demo_righello', 'owner'),
  ('project_internal_righello_site', 'mem_axel_wearerighello', 'org_demo_righello', 'owner'),
  ('project_internal_obs_padel_stream_overlay', 'mem_axel_wearerighello', 'org_demo_righello', 'owner'),
  ('project_internal_optima', 'mem_axel_wearerighello', 'org_demo_righello', 'owner'),
  ('project_internal_revolut_crypto_scalper', 'mem_axel_wearerighello', 'org_demo_righello', 'owner'),
  ('project_internal_dico_online_site', 'mem_axel_wearerighello', 'org_demo_righello', 'owner'),
  ('project_internal_lumis_photo_publisher', 'mem_axel_wearerighello', 'org_demo_righello', 'owner'),
  ('project_internal_tetha', 'mem_axel_wearerighello', 'org_demo_righello', 'owner');

INSERT INTO tasks (
  id, organization_id, project_id, assignee_member_id, title, description,
  status, priority, estimated_minutes, actual_minutes, due_at, created_at, updated_at,
  column_id, client_id, client_name, type, score, rich_description,
  assignee_name, tags_json, attachments_json, comments_json, sub_items_json,
  created_by_member_id, assignment_status, assignment_requested_by_member_id,
  assignment_requested_at, assignment_responded_at
)
VALUES
  (
    'task_axel_github_20260617_gusto_consumer_booking_restaurant_os',
    'org_demo_righello',
    'project_internal_gusto_raffinato',
    'mem_axel_wearerighello',
    '2026-06-17 - Gusto consumer booking, Restaurant OS e operations sync',
    'Evoluzione consumer booking, discovery ristoranti, Redux state, Google Maps, redesign iPad Restaurant Console, local-first sync Restaurant OS, WhatsApp bridge Hermes e performance mobile.',
    'done',
    'urgent',
    180,
    180,
    '2026-06-17T21:30:00.000Z',
    '2026-06-17T08:30:00.000Z',
    CURRENT_TIMESTAMP,
    'done',
    'client_internal_gusto_raffinato',
    'Gusto Raffinato',
    'Mobile / Restaurant OS',
    10,
    'Attivita GitHub verificata su Gusto Raffinato: 23 commit. Evoluzione consistente del consumer booking e discovery flow ristoranti, routing stato consumer tramite Redux, dati dinamici ristoranti Pordenone, integrazione Google Maps con gestione sicura chiavi, redesign iPad Restaurant Console, dashboard Restaurant OS, local-first operations sync, adapter WhatsApp Web bridge lato Hermes, performance scroll feed consumer, mappe, card ristoranti, transizioni hero, launch screen iOS e bump build.',
    'Axel Fleureau',
    '["github-real","2026-06-17","gusto-raffinato","mobile","restaurant-os","consumer-booking","google-maps","whatsapp-bridge","performance"]',
    '[]',
    '[]',
    '[]',
    'mem_axel_wearerighello',
    'accepted',
    'mem_axel_wearerighello',
    '2026-06-17T08:30:00.000Z',
    '2026-06-17T21:30:00.000Z'
  ),
  (
    'task_axel_github_20260617_20260618_portopiccolo_art_of_living_d1',
    'org_demo_righello',
    'project_internal_portopiccolo',
    'mem_axel_wearerighello',
    '2026-06-17/18 - Portopiccolo Art of Living, D1 e gallery hospitality',
    'Recupero archivio Art of Living, dataset e API D1, immagini editoriali, webcam homepage, gallery hospitality, territorio, favicon/search, sitemap e operations log.',
    'done',
    'urgent',
    240,
    240,
    '2026-06-18T07:02:00.000Z',
    '2026-06-17T09:00:00.000Z',
    CURRENT_TIMESTAMP,
    'done',
    'client_rig_ppap',
    'Portopiccolo Apartments',
    'Hospitality / Content platform',
    10,
    'Attivita GitHub verificata su Portopiccolo: 20 commit. Recupero e reintegrazione archivio Art of Living dal sito legacy, dataset post, endpoint API dedicato e migration D1, import massivo immagini editoriali, homepage webcam con defer iframe fino a scroll idle, documentazione deploy, gallery hospitality con handoff scroll, qualita immagini e overflow responsive, pagina territorio, gallery territorio, introduzione e card appartamenti, favicon/search legibility, admin D1 Art of Living, sitemap e operations log. Workflow audit-images completati.',
    'Axel Fleureau',
    '["github-real","2026-06-17","2026-06-18","portopiccolo","art-of-living","d1","seo","gallery","webcam","audit-images"]',
    '[]',
    '[]',
    '[]',
    'mem_axel_wearerighello',
    'accepted',
    'mem_axel_wearerighello',
    '2026-06-17T09:00:00.000Z',
    '2026-06-18T07:02:00.000Z'
  ),
  (
    'task_axel_github_20260617_20260618_whatsapp_civic_research_graph',
    'org_demo_righello',
    'project_internal_whatsapp_gateway',
    'mem_axel_wearerighello',
    '2026-06-17/18 - WhatsApp bot civico, fonti ufficiali e graph learning',
    'Ricerca autonoma su fonti ufficiali Pordenone, eventi correnti/futuri, follow-up Rai TV, separazione citazioni, lookup politici ufficiali, filtri eventi scaduti e recovery produzione.',
    'done',
    'high',
    180,
    180,
    '2026-06-18T07:02:00.000Z',
    '2026-06-17T09:30:00.000Z',
    CURRENT_TIMESTAMP,
    'done',
    'client_internal_righello_ops',
    'Righello',
    'AI operations / WhatsApp',
    9,
    'Attivita GitHub verificata su whatsapp-web.js: 13 commit. Miglioramento bot civico Pordenone con ricerca autonoma su fonti ufficiali, routing news/eventi locali correnti verso web research, risposte specifiche per eventi futuri e follow-up Rai TV, separazione fonti da citazioni pubbliche, lookup politici ufficiali, inclusione eventi associazioni nel calendario ufficiale, filtro eventi scaduti, revisione rilevanza evento, hardening request routing, AI fallback, graph learning, recovery produzione, readiness suite e domande produzione.',
    'Axel Fleureau',
    '["github-real","2026-06-17","2026-06-18","whatsapp-web-js","civic-bot","official-sources","web-research","graph-learning","readiness"]',
    '[]',
    '[]',
    '[]',
    'mem_axel_wearerighello',
    'accepted',
    'mem_axel_wearerighello',
    '2026-06-17T09:30:00.000Z',
    '2026-06-18T07:02:00.000Z'
  ),
  (
    'task_axel_github_20260617_righello_site_proof_seo_portfolio',
    'org_demo_righello',
    'project_internal_righello_site',
    'mem_axel_wearerighello',
    '2026-06-17 - Righello Site proof of work, portfolio e SEO prodotto',
    'Redesign pagina progetti/proof of work, gallery/proof link Lumis, card case study, logo grid, contrasto loghi, SEO prodotto e marketing locale Mestre.',
    'done',
    'high',
    120,
    120,
    '2026-06-17T21:30:00.000Z',
    '2026-06-17T10:00:00.000Z',
    CURRENT_TIMESTAMP,
    'done',
    'client_internal_righello_ops',
    'Righello',
    'Website / SEO e portfolio',
    9,
    'Attivita GitHub verificata su Righello Site: 18 commit. Redesign e rifinitura pagina progetti/proof of work, sostituzione link OneDrive con gallery/proof link Lumis, card case study, featured project cards, logo grid, contrasto loghi, thumbnail/reference layout, rimozione link Lumis non valido, SEO prodotto, case study, marketing locale Mestre, prevenzione pausa video hero su primo scroll veloce, llms.txt e sitemap. Criticita: CI/CD fallita sui push del periodo.',
    'Axel Fleureau',
    '["github-real","2026-06-17","righello-site","proof-of-work","portfolio","seo","lumis","ci-failed"]',
    '[]',
    '[]',
    '[]',
    'mem_axel_wearerighello',
    'accepted',
    'mem_axel_wearerighello',
    '2026-06-17T10:00:00.000Z',
    '2026-06-17T21:30:00.000Z'
  ),
  (
    'task_axel_github_20260617_obs_production_agent_replay',
    'org_demo_righello',
    'project_internal_obs_padel_stream_overlay',
    'mem_axel_wearerighello',
    '2026-06-17 - OBS production agent v3 e replay upload',
    'Production agent v3, pipeline render, manifest produzione, fix timeout replay, upload replay OBS con diagnostica, callback bottoni, SSL fallback e watch folder docs.',
    'done',
    'high',
    75,
    75,
    '2026-06-17T21:30:00.000Z',
    '2026-06-17T11:00:00.000Z',
    CURRENT_TIMESTAMP,
    'done',
    'client_internal_righello_ops',
    'Righello',
    'Live production / OBS',
    8,
    'Attivita GitHub verificata su OBS Padel Stream Overlay: 5 commit. Aggiunta production agent v3, migliorata pipeline production render e manifest produzione, fix timeout salvataggio replay, script upload replay OBS con diagnostica, callback bottoni, SSL fallback e fallback ultimo replay OBS, documentazione watch folder production agent.',
    'Axel Fleureau',
    '["github-real","2026-06-17","obs-padel","production-agent","replay-upload","ssl-fallback","watch-folder"]',
    '[]',
    '[]',
    '[]',
    'mem_axel_wearerighello',
    'accepted',
    'mem_axel_wearerighello',
    '2026-06-17T11:00:00.000Z',
    '2026-06-17T21:30:00.000Z'
  ),
  (
    'task_axel_github_20260616_20260617_optima_mcp_premiere_command_bar',
    'org_demo_righello',
    'project_internal_optima',
    'mem_axel_wearerighello',
    '2026-06-16/17 - Optima MCP/OAuth, UX premiere staff e command bar',
    'Chiarimento setup MCP, endpoint connect/callback OAuth, UX premiere staff, scroll mobile, command bar placement, sidebar e guide AI/page guide.',
    'done',
    'urgent',
    180,
    180,
    '2026-06-17T21:30:00.000Z',
    '2026-06-16T23:16:00.000Z',
    CURRENT_TIMESTAMP,
    'done',
    'client_internal_righello_ops',
    'Righello',
    'Gestionale interno / Agentic OS',
    10,
    'Attivita GitHub verificata su Optima Beta: 7 commit. Chiarimento flussi setup MCP, OAuth e autenticazione Codex/ChatGPT, endpoint MCP connect e OAuth callback connector, UX premiere staff, scroll mobile, placement command bar e top positioning, seed attivita GitHub Axel per sera 16 giugno, sidebar, guide AI/page guide e documentazione premiere personale.',
    'Axel Fleureau',
    '["github-real","2026-06-16-notte","2026-06-17","optima-beta","mcp","oauth","codex-chatgpt","command-bar","premiere-staff","mobile-scroll"]',
    '[]',
    '[]',
    '[]',
    'mem_axel_wearerighello',
    'accepted',
    'mem_axel_wearerighello',
    '2026-06-16T23:16:00.000Z',
    '2026-06-17T21:30:00.000Z'
  ),
  (
    'task_axel_github_20260618_revolut_codex_cli_runtime_risk',
    'org_demo_righello',
    'project_internal_revolut_crypto_scalper',
    'mem_axel_wearerighello',
    '2026-06-18 mattina - Revolut Codex CLI runtime e risk controls',
    'Codex CLI come runtime AI strutturato, test dedicati, portfolio loss block, regime position cap, AI analyst/architect/market scanner e worker loop.',
    'done',
    'high',
    60,
    60,
    '2026-06-18T07:02:00.000Z',
    '2026-06-18T02:30:00.000Z',
    CURRENT_TIMESTAMP,
    'done',
    'client_internal_righello_ops',
    'Righello',
    'Trading automation / AI runtime',
    8,
    'Attivita GitHub verificata su Revolut Crypto Scalper: 3 commit. Passaggio a Codex CLI come runtime AI strutturato, runtime Codex CLI dedicato con test, portfolio loss block e regime position cap configurabili, aggiornamento AI analyst, architect, market scanner, worker loop e documentazione operator mode.',
    'Axel Fleureau',
    '["github-real","2026-06-18","revolut-crypto-scalper","codex-cli","ai-runtime","risk-controls","tests"]',
    '[]',
    '[]',
    '[]',
    'mem_axel_wearerighello',
    'accepted',
    'mem_axel_wearerighello',
    '2026-06-18T02:30:00.000Z',
    '2026-06-18T07:02:00.000Z'
  ),
  (
    'task_axel_github_20260617_dico_editorial_seo_pages',
    'org_demo_righello',
    'project_internal_dico_online_site',
    'mem_axel_wearerighello',
    '2026-06-17 - DICO risorse editoriali e pagine SEO PA',
    'Risorse editoriali DICO, contenuti metodo/team, blog Legge 150/2000, social media PA, WhatsApp PA, CSS blog e spacing mobile hero.',
    'done',
    'medium',
    45,
    45,
    '2026-06-17T21:30:00.000Z',
    '2026-06-17T14:00:00.000Z',
    CURRENT_TIMESTAMP,
    'done',
    'client_internal_dico_online',
    'DICO Online',
    'Frontend / Editorial SEO',
    7,
    'Attivita GitHub verificata su DICO Online Site: 2 commit. Aggiunta risorse editoriali DICO e contenuti metodo/team, pagine blog su Legge 150/2000, social media PA e WhatsApp PA, CSS blog, asset editoriali e rifinitura spacing mobile hero.',
    'Axel Fleureau',
    '["github-real","2026-06-17","dico-online","blog","seo","pa","editorial","mobile"]',
    '[]',
    '[]',
    '[]',
    'mem_axel_wearerighello',
    'accepted',
    'mem_axel_wearerighello',
    '2026-06-17T14:00:00.000Z',
    '2026-06-17T21:30:00.000Z'
  ),
  (
    'task_axel_github_20260617_20260618_lumis_app_store_screenshots',
    'org_demo_righello',
    'project_internal_lumis_photo_publisher',
    'mem_axel_wearerighello',
    '2026-06-17/18 - Lumis App Store screenshots e UX iOS',
    'Asset TestFlight, screenshot App Store, contact sheet, screenshot iPhone 6.9, UX mobile iOS, styling controlli evento e script generazione screenshot.',
    'done',
    'medium',
    75,
    75,
    '2026-06-18T07:02:00.000Z',
    '2026-06-17T15:30:00.000Z',
    CURRENT_TIMESTAMP,
    'done',
    'client_internal_righello_ops',
    'Righello',
    'Mobile iOS / App Store',
    7,
    'Attivita GitHub verificata su Photo Publisher Righello / Lumis: 4 commit. Preparazione asset TestFlight e screenshot App Store Lumis, generazione contact sheet e screenshot iPhone 6.9, rifinitura UX mobile iOS, styling controlli evento e script generazione screenshot App Store.',
    'Axel Fleureau',
    '["github-real","2026-06-17","2026-06-18","lumis","testflight","app-store","screenshots","ios-ux"]',
    '[]',
    '[]',
    '[]',
    'mem_axel_wearerighello',
    'accepted',
    'mem_axel_wearerighello',
    '2026-06-17T15:30:00.000Z',
    '2026-06-18T07:02:00.000Z'
  ),
  (
    'task_axel_github_20260618_tetha_pr_ui_polish',
    'org_demo_righello',
    'project_internal_tetha',
    'mem_axel_wearerighello',
    '2026-06-18 mattina - Tetha PR UI polish workspace documentale',
    'Aggiornamento PR Tetha #1 con polish schermate protette, login, CSS globale, chat widget ed empty state.',
    'done',
    'medium',
    45,
    45,
    '2026-06-18T07:02:00.000Z',
    '2026-06-18T04:00:00.000Z',
    CURRENT_TIMESTAMP,
    'done',
    'client_internal_righello_ops',
    'Righello',
    'Agentic document workspace / UI',
    7,
    'Attivita GitHub verificata su Tetha PR #1, branch codex/agentic-document-workspace: commit de073f1 con polish schermate UI Tetha, pagine protette chat/dashboard/documenti/quote/layout, login, CSS globale, chat widget e componente empty state. PR ancora aperta.',
    'Axel Fleureau',
    '["github-real","2026-06-18","tetha","pr-1","agentic-document-workspace","ui-polish","chat-widget"]',
    '[]',
    '[]',
    '[]',
    'mem_axel_wearerighello',
    'accepted',
    'mem_axel_wearerighello',
    '2026-06-18T04:00:00.000Z',
    '2026-06-18T07:02:00.000Z'
  )
ON CONFLICT(id) DO UPDATE SET
  project_id = excluded.project_id,
  assignee_member_id = excluded.assignee_member_id,
  title = excluded.title,
  description = excluded.description,
  status = excluded.status,
  priority = excluded.priority,
  estimated_minutes = excluded.estimated_minutes,
  actual_minutes = excluded.actual_minutes,
  due_at = excluded.due_at,
  updated_at = CURRENT_TIMESTAMP,
  column_id = excluded.column_id,
  client_id = excluded.client_id,
  client_name = excluded.client_name,
  type = excluded.type,
  score = excluded.score,
  rich_description = excluded.rich_description,
  assignee_name = excluded.assignee_name,
  tags_json = excluded.tags_json,
  assignment_status = excluded.assignment_status,
  assignment_responded_at = excluded.assignment_responded_at;

INSERT INTO time_entries (
  id, organization_id, member_id, task_id, project_id, entry_date,
  minutes, billable, note, created_at, updated_at, client_id
)
VALUES
  (
    'time_axel_github_20260617_gusto_consumer_booking_restaurant_os',
    'org_demo_righello',
    'mem_axel_wearerighello',
    'task_axel_github_20260617_gusto_consumer_booking_restaurant_os',
    'project_internal_gusto_raffinato',
    '2026-06-17',
    120,
    1,
    'Stima GitHub 17 giugno: Gusto consumer booking, Restaurant OS, Google Maps, WhatsApp bridge e performance mobile.',
    '2026-06-17T17:00:00.000Z',
    CURRENT_TIMESTAMP,
    'client_internal_gusto_raffinato'
  ),
  (
    'time_axel_github_20260618_gusto_consumer_booking_restaurant_os',
    'org_demo_righello',
    'mem_axel_wearerighello',
    'task_axel_github_20260617_gusto_consumer_booking_restaurant_os',
    'project_internal_gusto_raffinato',
    '2026-06-18',
    60,
    1,
    'Stima GitHub 18 giugno mattina: chiusura Gusto Restaurant OS, launch screen e build iOS.',
    '2026-06-18T05:00:00.000Z',
    CURRENT_TIMESTAMP,
    'client_internal_gusto_raffinato'
  ),
  (
    'time_axel_github_20260617_portopiccolo_art_of_living_d1',
    'org_demo_righello',
    'mem_axel_wearerighello',
    'task_axel_github_20260617_20260618_portopiccolo_art_of_living_d1',
    'project_internal_portopiccolo',
    '2026-06-17',
    150,
    1,
    'Stima GitHub 17 giugno: Portopiccolo Art of Living, dataset/API D1, gallery hospitality, territorio e webcam.',
    '2026-06-17T17:30:00.000Z',
    CURRENT_TIMESTAMP,
    'client_rig_ppap'
  ),
  (
    'time_axel_github_20260618_portopiccolo_art_of_living_d1',
    'org_demo_righello',
    'mem_axel_wearerighello',
    'task_axel_github_20260617_20260618_portopiccolo_art_of_living_d1',
    'project_internal_portopiccolo',
    '2026-06-18',
    90,
    1,
    'Stima GitHub 18 giugno mattina: chiusura Portopiccolo Art of Living, admin D1, sitemap e operations log.',
    '2026-06-18T05:30:00.000Z',
    CURRENT_TIMESTAMP,
    'client_rig_ppap'
  ),
  (
    'time_axel_github_20260617_whatsapp_civic_research_graph',
    'org_demo_righello',
    'mem_axel_wearerighello',
    'task_axel_github_20260617_20260618_whatsapp_civic_research_graph',
    'project_internal_whatsapp_gateway',
    '2026-06-17',
    60,
    1,
    'Stima GitHub 17 giugno: bot civico Pordenone, fonti ufficiali, eventi e graph learning.',
    '2026-06-17T18:00:00.000Z',
    CURRENT_TIMESTAMP,
    'client_internal_righello_ops'
  ),
  (
    'time_axel_github_20260618_whatsapp_civic_research_graph',
    'org_demo_righello',
    'mem_axel_wearerighello',
    'task_axel_github_20260617_20260618_whatsapp_civic_research_graph',
    'project_internal_whatsapp_gateway',
    '2026-06-18',
    120,
    1,
    'Stima GitHub 18 giugno mattina: hardening routing, recovery produzione e readiness suite WhatsApp.',
    '2026-06-18T05:45:00.000Z',
    CURRENT_TIMESTAMP,
    'client_internal_righello_ops'
  ),
  (
    'time_axel_github_20260617_righello_site_proof_seo_portfolio',
    'org_demo_righello',
    'mem_axel_wearerighello',
    'task_axel_github_20260617_righello_site_proof_seo_portfolio',
    'project_internal_righello_site',
    '2026-06-17',
    120,
    1,
    'Stima GitHub 17 giugno: Righello Site proof of work, portfolio, case study, SEO prodotto e CI/CD fallita.',
    '2026-06-17T18:30:00.000Z',
    CURRENT_TIMESTAMP,
    'client_internal_righello_ops'
  ),
  (
    'time_axel_github_20260617_obs_production_agent_replay',
    'org_demo_righello',
    'mem_axel_wearerighello',
    'task_axel_github_20260617_obs_production_agent_replay',
    'project_internal_obs_padel_stream_overlay',
    '2026-06-17',
    75,
    1,
    'Stima GitHub 17 giugno: OBS production agent v3, replay upload, fallback e watch folder docs.',
    '2026-06-17T19:00:00.000Z',
    CURRENT_TIMESTAMP,
    'client_internal_righello_ops'
  ),
  (
    'time_axel_github_20260616_optima_mcp_premiere_command_bar',
    'org_demo_righello',
    'mem_axel_wearerighello',
    'task_axel_github_20260616_20260617_optima_mcp_premiere_command_bar',
    'project_internal_optima',
    '2026-06-18',
    60,
    1,
    'Stima GitHub 18 giugno mattina: chiusura Optima MCP/OAuth, Codex ChatGPT auth e command bar.',
    '2026-06-18T04:30:00.000Z',
    CURRENT_TIMESTAMP,
    'client_internal_righello_ops'
  ),
  (
    'time_axel_github_20260617_optima_mcp_premiere_command_bar',
    'org_demo_righello',
    'mem_axel_wearerighello',
    'task_axel_github_20260616_20260617_optima_mcp_premiere_command_bar',
    'project_internal_optima',
    '2026-06-17',
    120,
    1,
    'Stima GitHub 17 giugno: UX premiere staff, scroll mobile, sidebar e AI/page guide Optima.',
    '2026-06-17T19:30:00.000Z',
    CURRENT_TIMESTAMP,
    'client_internal_righello_ops'
  ),
  (
    'time_axel_github_20260618_revolut_codex_cli_runtime_risk',
    'org_demo_righello',
    'mem_axel_wearerighello',
    'task_axel_github_20260618_revolut_codex_cli_runtime_risk',
    'project_internal_revolut_crypto_scalper',
    '2026-06-18',
    60,
    1,
    'Stima GitHub 18 giugno mattina: Revolut Codex CLI runtime, tests e risk controls.',
    '2026-06-18T06:00:00.000Z',
    CURRENT_TIMESTAMP,
    'client_internal_righello_ops'
  ),
  (
    'time_axel_github_20260617_dico_editorial_seo_pages',
    'org_demo_righello',
    'mem_axel_wearerighello',
    'task_axel_github_20260617_dico_editorial_seo_pages',
    'project_internal_dico_online_site',
    '2026-06-17',
    45,
    1,
    'Stima GitHub 17 giugno: DICO risorse editoriali, pagine blog PA e spacing mobile hero.',
    '2026-06-17T20:00:00.000Z',
    CURRENT_TIMESTAMP,
    'client_internal_dico_online'
  ),
  (
    'time_axel_github_20260617_lumis_app_store_screenshots',
    'org_demo_righello',
    'mem_axel_wearerighello',
    'task_axel_github_20260617_20260618_lumis_app_store_screenshots',
    'project_internal_lumis_photo_publisher',
    '2026-06-17',
    30,
    1,
    'Stima GitHub 17 giugno: Lumis asset TestFlight e screenshot App Store.',
    '2026-06-17T20:30:00.000Z',
    CURRENT_TIMESTAMP,
    'client_internal_righello_ops'
  ),
  (
    'time_axel_github_20260618_lumis_app_store_screenshots',
    'org_demo_righello',
    'mem_axel_wearerighello',
    'task_axel_github_20260617_20260618_lumis_app_store_screenshots',
    'project_internal_lumis_photo_publisher',
    '2026-06-18',
    45,
    1,
    'Stima GitHub 18 giugno mattina: Lumis contact sheet, screenshot iPhone 6.9 e UX iOS.',
    '2026-06-18T06:15:00.000Z',
    CURRENT_TIMESTAMP,
    'client_internal_righello_ops'
  ),
  (
    'time_axel_github_20260618_tetha_pr_ui_polish',
    'org_demo_righello',
    'mem_axel_wearerighello',
    'task_axel_github_20260618_tetha_pr_ui_polish',
    'project_internal_tetha',
    '2026-06-18',
    45,
    1,
    'Stima GitHub 18 giugno mattina: Tetha PR #1 UI polish, chat widget ed empty state.',
    '2026-06-18T06:30:00.000Z',
    CURRENT_TIMESTAMP,
    'client_internal_righello_ops'
  )
ON CONFLICT(id) DO UPDATE SET
  task_id = excluded.task_id,
  project_id = excluded.project_id,
  entry_date = excluded.entry_date,
  minutes = excluded.minutes,
  billable = excluded.billable,
  note = excluded.note,
  updated_at = CURRENT_TIMESTAMP,
  client_id = excluded.client_id;
