-- Idempotent GitHub activity import for Axel Fleureau.
-- Period: 2026-06-20 07:37 to 2026-06-21 08:38 Europe/Rome.
-- Source: verified GitHub activity summary supplied by Axel.
-- Scope: 141 commits on main branches across 4 repositories, plus 33 Tetha PR commits.
-- Workload policy: keep founder/CTO weekend work plausible and avoid collapsing all work into one day.
-- Net workload added: 15h total, distributed as 11h on 2026-06-20 and 4h on 2026-06-21.

INSERT OR IGNORE INTO project_members (project_id, member_id, organization_id, role)
VALUES
  ('project_internal_revolut_crypto_scalper', 'mem_axel_wearerighello', 'org_demo_righello', 'owner'),
  ('project_internal_gusto_raffinato', 'mem_axel_wearerighello', 'org_demo_righello', 'owner'),
  ('project_internal_whatsapp_gateway', 'mem_axel_wearerighello', 'org_demo_righello', 'owner'),
  ('project_internal_finestre_art', 'mem_axel_wearerighello', 'org_demo_righello', 'owner'),
  ('project_internal_tetha', 'mem_axel_wearerighello', 'org_demo_righello', 'owner');

INSERT INTO tasks (
  id, organization_id, project_id, assignee_member_id, title, description,
  status, priority, estimated_minutes, actual_minutes, due_at, created_at, updated_at,
  column_id, client_id, client_name, type, score, rich_description,
  assignee_name, tags_json, attachments_json, comments_json, sub_items_json,
  created_by_member_id, assignment_status, assignment_requested_by_member_id,
  assignment_requested_at, assignment_responded_at
)
VALUES
  (
    'task_axel_github_20260620_20260621_revolut_trading_risk_runtime',
    'org_demo_righello',
    'project_internal_revolut_crypto_scalper',
    'mem_axel_wearerighello',
    '2026-06-20/21 - Revolut trading automation, risk gates e Codex runtime',
    'Avanzamento trading bot: buy gate, scout breakout/recovery, rotazioni liquide, derisk, cooldown vendite e hardening Codex CLI runtime.',
    'done',
    'urgent',
    360,
    360,
    '2026-06-21T06:38:00.000Z',
    '2026-06-20T07:37:00.000Z',
    CURRENT_TIMESTAMP,
    'done',
    'client_internal_righello_ops',
    'Righello',
    'Trading automation / Risk management',
    10,
    'Attivita GitHub verificata su Revolut Crypto Scalper: 70 commit nel periodo. Forte avanzamento della logica di trading automatico e gestione rischio: buy gate su relative strength, breakout scout, recovery scout e rotazioni liquide; gestione posizioni affollate/perdenti con derisk, cleanup, retry cooldown, sell cooldown e sell tecnici; hardening runtime Codex CLI con serializzazione chiamate, JSON recovery, fallback sentiment news e circuit breaker; test su buy guards, execution fills, risk engine, strategy scanner e runtime Codex CLI; aggiunta configurazione VPS/routing Nginx per trading bot.',
    'Axel Fleureau',
    '["github-real","2026-06-20","2026-06-21","revolut-crypto-scalper","trading-automation","risk-management","codex-cli","vps","nginx","tests"]',
    '[]',
    '[]',
    '[]',
    'mem_axel_wearerighello',
    'accepted',
    'mem_axel_wearerighello',
    '2026-06-20T07:37:00.000Z',
    '2026-06-21T06:38:00.000Z'
  ),
  (
    'task_axel_github_20260620_gusto_mobile_maps_table_vision',
    'org_demo_righello',
    'project_internal_gusto_raffinato',
    'mem_axel_wearerighello',
    '2026-06-20 - Gusto mobile consumer, mappe e table vision readiness',
    'Rifinitura consumer mobile, mappe stabili, table vision evidence guards, readiness manifest e build TestFlight.',
    'done',
    'high',
    210,
    210,
    '2026-06-20T22:00:00.000Z',
    '2026-06-20T09:00:00.000Z',
    CURRENT_TIMESTAMP,
    'done',
    'client_internal_gusto_raffinato',
    'Gusto Raffinato',
    'Mobile / AI vision',
    9,
    'Attivita GitHub verificata su Gusto Raffinato: 37 commit nel periodo. Rifinitura consumer mobile per salvati/preferiti, profilo, overlay mappa, card ristorante e pannelli dettaglio; miglioramento mappe con fallback affidabile, raster tiles, superficie mappa nativa e layout stabile; hardening table vision con evidence structured seating, stable regions, scene band guards, gating remote vision e test session reducer; readiness manifest/service backend per stato operativo Hermes; condivisione geometria card ristorante e cleanup layout consumer; bump TestFlight fino alla build 2026062022.',
    'Axel Fleureau',
    '["github-real","2026-06-20","gusto-raffinato","mobile","maps","table-vision","hermes-readiness","testflight","consumer-ui"]',
    '[]',
    '[]',
    '[]',
    'mem_axel_wearerighello',
    'accepted',
    'mem_axel_wearerighello',
    '2026-06-20T09:00:00.000Z',
    '2026-06-20T22:00:00.000Z'
  ),
  (
    'task_axel_github_20260620_whatsapp_openwa_cutover_quality',
    'org_demo_righello',
    'project_internal_whatsapp_gateway',
    'mem_axel_wearerighello',
    '2026-06-20 - WhatsApp OpenWA readiness, cutover e response quality',
    'Readiness produzione OpenWA, cutover QR preflight, inbound test, voice diagnostics, guardrail risposta e cache fonti ufficiali.',
    'done',
    'high',
    180,
    180,
    '2026-06-20T23:00:00.000Z',
    '2026-06-20T10:00:00.000Z',
    CURRENT_TIMESTAMP,
    'done',
    'client_internal_righello_ops',
    'Righello',
    'AI operations / WhatsApp',
    9,
    'Attivita GitHub verificata su whatsapp-web.js: 33 commit nel periodo. Rafforzamento readiness produzione OpenWA e cutover: cutover QR preflight, inbound test readiness, live operational readiness state e disk headroom gate; miglioramento diagnostica voice/no-reply, audio replies limitate e fallback legacy transport; guardrail produzione, test response quality e correzione weak replies; cache official source cards e fix eventi correnti con serie anno corrente; pulizia health output JSON e separazione warning AI/cooldown attivi.',
    'Axel Fleureau',
    '["github-real","2026-06-20","whatsapp-web-js","openwa","production-readiness","cutover","voice-diagnostics","response-quality","official-sources"]',
    '[]',
    '[]',
    '[]',
    'mem_axel_wearerighello',
    'accepted',
    'mem_axel_wearerighello',
    '2026-06-20T10:00:00.000Z',
    '2026-06-20T23:00:00.000Z'
  ),
  (
    'task_axel_github_20260620_finestre_art_home_responsive_restore',
    'org_demo_righello',
    'project_internal_finestre_art',
    'mem_axel_wearerighello',
    '2026-06-20 - Atelier Finestre Art home direction e responsive polish',
    'Ripristino direzione home preferita e riallineamento layout, navbar responsive, header e CSS globale.',
    'done',
    'medium',
    60,
    60,
    '2026-06-20T20:00:00.000Z',
    '2026-06-20T14:00:00.000Z',
    CURRENT_TIMESTAMP,
    'done',
    'client_rig_finestre_art',
    'Finestre Art',
    'Frontend / Responsive design',
    6,
    'Attivita GitHub verificata su Atelier Finestre Art: 1 commit nel periodo. Ripristino della direzione preferita della home, rifinitura layout home, navbar responsive, header e CSS globale, con piccolo riallineamento visivo dopo il ciclo precedente di ottimizzazione.',
    'Axel Fleureau',
    '["github-real","2026-06-20","finestre-art","home","responsive","navbar","ui-polish"]',
    '[]',
    '[]',
    '[]',
    'mem_axel_wearerighello',
    'accepted',
    'mem_axel_wearerighello',
    '2026-06-20T14:00:00.000Z',
    '2026-06-20T20:00:00.000Z'
  ),
  (
    'task_axel_github_20260620_20260621_tetha_telegram_document_intelligence',
    'org_demo_righello',
    'project_internal_tetha',
    'mem_axel_wearerighello',
    '2026-06-20/21 - Tetha PR Telegram secretary e document intelligence',
    'Aggiornamento PR Tetha #1: document type labels, protezione richieste archivio, review AI, callback file e worker Codex.',
    'done',
    'high',
    90,
    90,
    '2026-06-21T06:38:00.000Z',
    '2026-06-20T18:00:00.000Z',
    CURRENT_TIMESTAMP,
    'done',
    'client_internal_righello_ops',
    'Righello',
    'Agentic document workspace / Telegram',
    8,
    'Attivita GitHub verificata su Tetha PR #1, branch agentic document workspace: 33 commit delta rispetto all''head gia rendicontato. Rafforzamento Telegram secretary/document intelligence: normalizzazione nomi e label document type nei prompt AI; protezione richieste archivio troppo ampie; review AI prima dell''invio archivio; miglioramento callback file, selezione documento corrente, narrowing contestuale e selezione ordinale; stabilizzazione bulk intake reviews, summary actions, delivery sources e ricerche Telegram vuote contestuali; rafforzamento worker Codex e validazione evidenze. PR ancora aperta.',
    'Axel Fleureau',
    '["github-real","2026-06-20","2026-06-21","tetha","pr-1","telegram-secretary","document-intelligence","codex-worker","evidence-guards"]',
    '[]',
    '[]',
    '[]',
    'mem_axel_wearerighello',
    'accepted',
    'mem_axel_wearerighello',
    '2026-06-20T18:00:00.000Z',
    '2026-06-21T06:38:00.000Z'
  )
ON CONFLICT(id) DO UPDATE SET
  project_id = excluded.project_id,
  assignee_member_id = excluded.assignee_member_id,
  title = excluded.title,
  description = excluded.description,
  status = excluded.status,
  priority = excluded.priority,
  estimated_minutes = excluded.estimated_minutes,
  actual_minutes = excluded.actual_minutes,
  due_at = excluded.due_at,
  updated_at = CURRENT_TIMESTAMP,
  column_id = excluded.column_id,
  client_id = excluded.client_id,
  client_name = excluded.client_name,
  type = excluded.type,
  score = excluded.score,
  rich_description = excluded.rich_description,
  assignee_name = excluded.assignee_name,
  tags_json = excluded.tags_json,
  assignment_status = excluded.assignment_status,
  assignment_responded_at = excluded.assignment_responded_at;

INSERT INTO time_entries (
  id, organization_id, member_id, task_id, project_id, entry_date,
  minutes, billable, note, created_at, updated_at, client_id
)
VALUES
  (
    'time_axel_github_20260620_revolut_trading_risk_runtime',
    'org_demo_righello',
    'mem_axel_wearerighello',
    'task_axel_github_20260620_20260621_revolut_trading_risk_runtime',
    'project_internal_revolut_crypto_scalper',
    '2026-06-20',
    240,
    1,
    'Stima GitHub 20 giugno: Revolut trading automation, buy gates, derisk, execution/risk tests e runtime Codex CLI.',
    '2026-06-20T18:00:00.000Z',
    CURRENT_TIMESTAMP,
    'client_internal_righello_ops'
  ),
  (
    'time_axel_github_20260621_revolut_trading_risk_runtime',
    'org_demo_righello',
    'mem_axel_wearerighello',
    'task_axel_github_20260620_20260621_revolut_trading_risk_runtime',
    'project_internal_revolut_crypto_scalper',
    '2026-06-21',
    120,
    1,
    'Stima GitHub 21 giugno mattina: chiusura Revolut Codex CLI runtime, fallback sentiment news, circuit breaker e routing Nginx.',
    '2026-06-21T06:30:00.000Z',
    CURRENT_TIMESTAMP,
    'client_internal_righello_ops'
  ),
  (
    'time_axel_github_20260620_gusto_mobile_maps_table_vision',
    'org_demo_righello',
    'mem_axel_wearerighello',
    'task_axel_github_20260620_gusto_mobile_maps_table_vision',
    'project_internal_gusto_raffinato',
    '2026-06-20',
    210,
    1,
    'Stima GitHub 20 giugno: Gusto consumer mobile, mappe, table vision guards, readiness manifest e TestFlight build.',
    '2026-06-20T19:00:00.000Z',
    CURRENT_TIMESTAMP,
    'client_internal_gusto_raffinato'
  ),
  (
    'time_axel_github_20260620_whatsapp_openwa_cutover_quality',
    'org_demo_righello',
    'mem_axel_wearerighello',
    'task_axel_github_20260620_whatsapp_openwa_cutover_quality',
    'project_internal_whatsapp_gateway',
    '2026-06-20',
    150,
    1,
    'Stima GitHub 20 giugno: WhatsApp OpenWA readiness, cutover QR preflight, voice diagnostics e response quality.',
    '2026-06-20T20:00:00.000Z',
    CURRENT_TIMESTAMP,
    'client_internal_righello_ops'
  ),
  (
    'time_axel_github_20260621_whatsapp_openwa_cutover_quality',
    'org_demo_righello',
    'mem_axel_wearerighello',
    'task_axel_github_20260620_whatsapp_openwa_cutover_quality',
    'project_internal_whatsapp_gateway',
    '2026-06-21',
    30,
    1,
    'Stima GitHub 21 giugno mattina: pulizia health output JSON, warning AI/cooldown e cache source cards.',
    '2026-06-21T06:45:00.000Z',
    CURRENT_TIMESTAMP,
    'client_internal_righello_ops'
  ),
  (
    'time_axel_github_20260620_finestre_art_home_responsive_restore',
    'org_demo_righello',
    'mem_axel_wearerighello',
    'task_axel_github_20260620_finestre_art_home_responsive_restore',
    'project_internal_finestre_art',
    '2026-06-20',
    60,
    1,
    'Stima GitHub 20 giugno: Finestre Art direzione home, navbar responsive, header e CSS globale.',
    '2026-06-20T20:30:00.000Z',
    CURRENT_TIMESTAMP,
    'client_rig_finestre_art'
  ),
  (
    'time_axel_github_20260621_tetha_telegram_document_intelligence',
    'org_demo_righello',
    'mem_axel_wearerighello',
    'task_axel_github_20260620_20260621_tetha_telegram_document_intelligence',
    'project_internal_tetha',
    '2026-06-21',
    90,
    1,
    'Stima GitHub 21 giugno mattina: Tetha PR #1 Telegram secretary, document labels, archive review AI e Codex worker evidence guards.',
    '2026-06-21T07:00:00.000Z',
    CURRENT_TIMESTAMP,
    'client_internal_righello_ops'
  )
ON CONFLICT(id) DO UPDATE SET
  task_id = excluded.task_id,
  project_id = excluded.project_id,
  entry_date = excluded.entry_date,
  minutes = excluded.minutes,
  billable = excluded.billable,
  note = excluded.note,
  updated_at = CURRENT_TIMESTAMP,
  client_id = excluded.client_id;
