-- Idempotent GitHub activity import for Axel Fleureau.
-- Period: 2026-07-03 08:24 -> 2026-07-03 23:24 Europe/Rome.
-- Source: verified GitHub operational activity supplied by Axel.
-- Scope: 167 commits across 7 repositories, 80 files, approx +16254 / -1733 lines.
-- Policy: add value-based task entries for the post-08:24 work block without
-- overwriting the existing 90 minutes already imported for the early morning.

PRAGMA foreign_keys = ON;

INSERT INTO clients (id, organization_id, name, email, company, status, created_at, updated_at)
VALUES
  ('client_internal_righello_ops', 'org_demo_righello', 'Righello', NULL, 'Righello', 'active', '2026-05-22T08:00:00.000Z', CURRENT_TIMESTAMP),
  ('client_internal_canale77', 'org_demo_righello', 'Canale77', NULL, 'Canale77', 'active', '2026-06-11T08:00:00.000Z', CURRENT_TIMESTAMP),
  ('client_internal_dico_online', 'org_demo_righello', 'DICO Online', NULL, 'DICO Online', 'active', '2026-06-11T08:00:00.000Z', CURRENT_TIMESTAMP),
  ('client_internal_gusto_raffinato', 'org_demo_righello', 'Gusto Raffinato', NULL, 'Gusto Raffinato', 'active', '2026-06-11T08:00:00.000Z', CURRENT_TIMESTAMP),
  ('client_rig_ssvo', 'org_demo_righello', 'Solero Sport Village', NULL, 'APOLLO 2000 SRL', 'active', '2026-05-22T08:00:00.000Z', CURRENT_TIMESTAMP),
  ('client_rig_ppap', 'org_demo_righello', 'Portopiccolo', NULL, 'Portopiccolo Apartments', 'active', '2026-05-22T08:00:00.000Z', CURRENT_TIMESTAMP)
ON CONFLICT(id) DO UPDATE SET
  name = excluded.name,
  company = excluded.company,
  status = excluded.status,
  updated_at = CURRENT_TIMESTAMP;

INSERT OR IGNORE INTO project_members (project_id, member_id, organization_id, role)
VALUES
  ('project_internal_revolut_crypto_scalper', 'mem_axel_wearerighello', 'org_demo_righello', 'owner'),
  ('project_internal_obs_padel_stream_overlay', 'mem_axel_wearerighello', 'org_demo_righello', 'owner'),
  ('project_internal_canale77_ott_platform', 'mem_axel_wearerighello', 'org_demo_righello', 'owner'),
  ('project_internal_gusto_raffinato', 'mem_axel_wearerighello', 'org_demo_righello', 'owner'),
  ('project_internal_dico_online_site', 'mem_axel_wearerighello', 'org_demo_righello', 'owner'),
  ('project_internal_solero_sport_village', 'mem_axel_wearerighello', 'org_demo_righello', 'owner'),
  ('project_internal_portopiccolo', 'mem_axel_wearerighello', 'org_demo_righello', 'owner');

INSERT INTO tasks (
  id, organization_id, project_id, assignee_member_id, title, description,
  status, priority, estimated_minutes, actual_minutes, due_at, created_at, updated_at,
  column_id, client_id, client_name, work_mode, type, score, rich_description, assignee_name,
  tags_json, attachments_json, comments_json, sub_items_json, created_by_member_id,
  assignment_status, assignment_requested_by_member_id, assignment_requested_at, assignment_responded_at
)
VALUES
  (
    'task_axel_github_20260703_revolut_probes_reentry_blockers',
    'org_demo_righello',
    'project_internal_revolut_crypto_scalper',
    'mem_axel_wearerighello',
    '2026-07-03 - Revolut probes e blocchi reingresso',
    'Cash-rich major probes, micro probes, retest probes, live-confirmed probes e blocchi reingressi perdenti.',
    'done',
    'urgent',
    120,
    120,
    '2026-07-03T23:24:00.000Z',
    '2026-07-03T08:24:00.000Z',
    CURRENT_TIMESTAMP,
    'done',
    'client_internal_righello_ops',
    'Righello',
    'remote',
    'Trading Automation / Risk',
    10,
    'Attivita GitHub verificata su Revolut Crypto Scalper: rafforzate cash-rich major probes, micro probes, retest probes e live-confirmed probes; introdotti blocchi su cold symbols, long-memory losses, source cohort losers, drip loss e stale losing winners.',
    'Axel Fleureau',
    '["github-real","2026-07-03","revolut-crypto-scalper","probes","reentry-blockers","remote"]',
    '[]',
    '[]',
    '[]',
    'mem_axel_wearerighello',
    'accepted',
    'mem_axel_wearerighello',
    '2026-07-03T08:24:00.000Z',
    '2026-07-03T23:24:00.000Z'
  ),
  (
    'task_axel_github_20260703_revolut_derisk_profit_bank',
    'org_demo_righello',
    'project_internal_revolut_crypto_scalper',
    'mem_axel_wearerighello',
    '2026-07-03 - Revolut derisk e profit bank',
    'Derisk, trim, profit lock e protezione portfolio peak pullback.',
    'done',
    'urgent',
    120,
    120,
    '2026-07-03T23:24:00.000Z',
    '2026-07-03T10:00:00.000Z',
    CURRENT_TIMESTAMP,
    'done',
    'client_internal_righello_ops',
    'Righello',
    'remote',
    'Trading Automation / Profit Protection',
    10,
    'Attivita GitHub verificata su Revolut Crypto Scalper: migliorati derisk e trim su residual losers, architect-avoid losers, symbol-loss losers, technical invalidation e peak pullback; rafforzata profit bank con intraday equity peak, lock su small/moderate winners, runner profits e portfolio peak pullback.',
    'Axel Fleureau',
    '["github-real","2026-07-03","revolut-crypto-scalper","derisk","profit-bank","remote"]',
    '[]',
    '[]',
    '[]',
    'mem_axel_wearerighello',
    'accepted',
    'mem_axel_wearerighello',
    '2026-07-03T10:00:00.000Z',
    '2026-07-03T23:24:00.000Z'
  ),
  (
    'task_axel_github_20260703_revolut_scanner_cost_basis_tests',
    'org_demo_righello',
    'project_internal_revolut_crypto_scalper',
    'mem_axel_wearerighello',
    '2026-07-03 - Revolut scanner, cost basis e test',
    'Scanner AI piu stabile, cost basis/PnL piu preciso, sicurezza log e nuova copertura test.',
    'done',
    'urgent',
    90,
    90,
    '2026-07-03T23:24:00.000Z',
    '2026-07-03T11:00:00.000Z',
    CURRENT_TIMESTAMP,
    'done',
    'client_internal_righello_ops',
    'Righello',
    'remote',
    'Trading Automation / Testing',
    9,
    'Attivita GitHub verificata su Revolut Crypto Scalper: migliorata attribuzione PnL/cost basis su scout leg, current tranche basis, residual fill cost e realized cost basis; ridotta latenza/instabilita scanner AI con timeout bounded, prompt slim, cooldown persistito e skip fallback runtime; evitato logging sensibile su metadata chiavi Revolut; aggiunti test market scanner, buy guards, news sentiment, schema precision, Revolut client e cost basis.',
    'Axel Fleureau',
    '["github-real","2026-07-03","revolut-crypto-scalper","scanner","cost-basis","tests","security","remote"]',
    '[]',
    '[]',
    '[]',
    'mem_axel_wearerighello',
    'accepted',
    'mem_axel_wearerighello',
    '2026-07-03T11:00:00.000Z',
    '2026-07-03T23:24:00.000Z'
  ),
  (
    'task_axel_github_20260703_obs_marker_clock_overlays',
    'org_demo_righello',
    'project_internal_obs_padel_stream_overlay',
    'mem_axel_wearerighello',
    '2026-07-03 - OBS marker, clock e overlay calcio',
    'Stabilizzazione marker calcio, clock football e overlay deferred.',
    'done',
    'urgent',
    105,
    105,
    '2026-07-03T23:24:00.000Z',
    '2026-07-03T12:00:00.000Z',
    CURRENT_TIMESTAMP,
    'done',
    'client_internal_righello_ops',
    'Righello',
    'remote',
    'Live Production / Football',
    10,
    'Attivita GitHub verificata su OBS Padel Stream Overlay: stabilizzato workflow marker calcio e produzione post-match; rafforzata sincronizzazione clock football con reset, pause precise e protezione da rollback; migliorati overlay deferred con goal motion, scorebar animation, sponsor suppression e antialiasing.',
    'Axel Fleureau',
    '["github-real","2026-07-03","obs-padel-stream-overlay","football","clock","overlays","remote"]',
    '[]',
    '[]',
    '[]',
    'mem_axel_wearerighello',
    'accepted',
    'mem_axel_wearerighello',
    '2026-07-03T12:00:00.000Z',
    '2026-07-03T23:24:00.000Z'
  ),
  (
    'task_axel_github_20260703_obs_post_match_mobile_smoke',
    'org_demo_righello',
    'project_internal_obs_padel_stream_overlay',
    'mem_axel_wearerighello',
    '2026-07-03 - OBS post-match, mobile remote e smoke',
    'Workflow audio/articolo post-match, remote arbitro mobile, marker export e smoke multi-room.',
    'done',
    'high',
    75,
    75,
    '2026-07-03T23:24:00.000Z',
    '2026-07-03T13:00:00.000Z',
    CURRENT_TIMESTAMP,
    'done',
    'client_internal_righello_ops',
    'Righello',
    'remote',
    'Live Production / QA',
    9,
    'Attivita GitHub verificata su OBS Padel Stream Overlay: workflow audio/articolo post-match con dictation e handoff, smoke multi-room marker, UX remote arbitro/mobile, popup eventi, backup marker, azioni mobile, semplificazione remote, esportazione production room marker, sponsor audit e article drafts.',
    'Axel Fleureau',
    '["github-real","2026-07-03","obs-padel-stream-overlay","post-match","mobile","smoke","remote"]',
    '[]',
    '[]',
    '[]',
    'mem_axel_wearerighello',
    'accepted',
    'mem_axel_wearerighello',
    '2026-07-03T13:00:00.000Z',
    '2026-07-03T23:24:00.000Z'
  ),
  (
    'task_axel_github_20260703_canale77_tv_handoff_cesare',
    'org_demo_righello',
    'project_internal_canale77_ott_platform',
    'mem_axel_wearerighello',
    '2026-07-03 - Canale77 handoff Smart TV Cesare',
    'Handoff release Smart TV, packaging ripetibile e piano test Cesare TV.',
    'done',
    'high',
    60,
    60,
    '2026-07-03T23:24:00.000Z',
    '2026-07-03T14:00:00.000Z',
    CURRENT_TIMESTAMP,
    'done',
    'client_internal_canale77',
    'Canale77',
    'remote',
    'OTT Platform / QA Handoff',
    8,
    'Attivita GitHub verificata su Canale77 OTT Platform: controlli focus TV e clipping card, report handoff installazione TV, packaging Smart TV ripetibile, piano test Cesare TV, test guide nel release handoff e aggiornamento script webOS, Android TV, Tizen, store readiness e lab check.',
    'Axel Fleureau',
    '["github-real","2026-07-03","canale77","smart-tv","handoff","cesare-tv","remote"]',
    '[]',
    '[]',
    '[]',
    'mem_axel_wearerighello',
    'accepted',
    'mem_axel_wearerighello',
    '2026-07-03T14:00:00.000Z',
    '2026-07-03T23:24:00.000Z'
  ),
  (
    'task_axel_github_20260703_gusto_ipad_testflight_audit',
    'org_demo_righello',
    'project_internal_gusto_raffinato',
    'mem_axel_wearerighello',
    '2026-07-03 - Gusto iPad scanner e TestFlight',
    'Visual audit iPad scanner, asset UI e build TestFlight.',
    'done',
    'high',
    45,
    45,
    '2026-07-03T23:24:00.000Z',
    '2026-07-03T15:00:00.000Z',
    CURRENT_TIMESTAMP,
    'done',
    'client_internal_gusto_raffinato',
    'Gusto Raffinato',
    'remote',
    'Mobile / Visual QA',
    8,
    'Attivita GitHub verificata su Gusto Raffinato: fix gateway scanner iPad, visual audit dashboard ristorante, golden/concept asset per verifica UI, note gap Pienissimo, aggiornamento VM Restaurant OS e test collegati, bump TestFlight build 2026070301.',
    'Axel Fleureau',
    '["github-real","2026-07-03","gusto-raffinato","ipad","testflight","visual-audit","remote"]',
    '[]',
    '[]',
    '[]',
    'mem_axel_wearerighello',
    'accepted',
    'mem_axel_wearerighello',
    '2026-07-03T15:00:00.000Z',
    '2026-07-03T23:24:00.000Z'
  ),
  (
    'task_axel_github_20260703_dico_v3_assets_reference',
    'org_demo_righello',
    'project_internal_dico_online_site',
    'mem_axel_wearerighello',
    '2026-07-03 - DICO v3 asset reference',
    'Rifinitura concept DICO v3, resource card e asset hero.',
    'done',
    'medium',
    30,
    30,
    '2026-07-03T23:24:00.000Z',
    '2026-07-03T16:00:00.000Z',
    CURRENT_TIMESTAMP,
    'done',
    'client_internal_dico_online',
    'DICO Online',
    'remote',
    'Frontend / Asset Governance',
    7,
    'Attivita GitHub verificata su DICO Online Site: rigenerati asset reference hero versione 3, aggiunte resource card ispirate a Uilora, aggiornati asset finestra messaggio e hero scroll, rifinito CSS versione 3 e aggiornato registro diritti immagine.',
    'Axel Fleureau',
    '["github-real","2026-07-03","dico-online-site","concept-v3","asset-governance","remote"]',
    '[]',
    '[]',
    '[]',
    'mem_axel_wearerighello',
    'accepted',
    'mem_axel_wearerighello',
    '2026-07-03T16:00:00.000Z',
    '2026-07-03T23:24:00.000Z'
  ),
  (
    'task_axel_github_20260703_solero_smtp_production_readiness',
    'org_demo_righello',
    'project_internal_solero_sport_village',
    'mem_axel_wearerighello',
    '2026-07-03 - Solero readiness e notifiche lead SMTP',
    'Produzione Solero, notifiche lead SMTP, admin, contatti, socket/firestore e calendario.',
    'done',
    'high',
    45,
    45,
    '2026-07-03T23:24:00.000Z',
    '2026-07-03T17:00:00.000Z',
    CURRENT_TIMESTAMP,
    'done',
    'client_rig_ssvo',
    'Solero Sport Village',
    'remote',
    'Backend / Production Readiness',
    8,
    'Attivita GitHub verificata su Solero Sport Village: production readiness, supporto notifiche lead via SMTP, flussi admin e contatti, integrazione socket/firestore, admin, programmazione, calendario e aggiornamento dipendenze/package lock.',
    'Axel Fleureau',
    '["github-real","2026-07-03","solero-sport-village","smtp","production-readiness","remote"]',
    '[]',
    '[]',
    '[]',
    'mem_axel_wearerighello',
    'accepted',
    'mem_axel_wearerighello',
    '2026-07-03T17:00:00.000Z',
    '2026-07-03T23:24:00.000Z'
  ),
  (
    'task_axel_github_20260703_portopiccolo_guesty_public_scope',
    'org_demo_righello',
    'project_internal_portopiccolo',
    'mem_axel_wearerighello',
    '2026-07-03 - Portopiccolo Guesty public listing scope',
    'Aggiornamento disponibilita pubblica Guesty e listing visibili.',
    'done',
    'medium',
    30,
    30,
    '2026-07-03T23:24:00.000Z',
    '2026-07-03T18:00:00.000Z',
    CURRENT_TIMESTAMP,
    'done',
    'client_rig_ppap',
    'Portopiccolo',
    'remote',
    'Backend / Guesty API',
    7,
    'Attivita GitHub verificata su Portopiccolo: aggiunto Rifugio dalla Bora ai public Guesty listings, passaggio a scope dinamico per Guesty public listing e aggiornamento endpoint functions e route Guesty lato server.',
    'Axel Fleureau',
    '["github-real","2026-07-03","portopiccolo","guesty","public-listings","remote"]',
    '[]',
    '[]',
    '[]',
    'mem_axel_wearerighello',
    'accepted',
    'mem_axel_wearerighello',
    '2026-07-03T18:00:00.000Z',
    '2026-07-03T23:24:00.000Z'
  )
ON CONFLICT(id) DO UPDATE SET
  project_id = excluded.project_id,
  assignee_member_id = excluded.assignee_member_id,
  title = excluded.title,
  description = excluded.description,
  status = excluded.status,
  priority = excluded.priority,
  estimated_minutes = excluded.estimated_minutes,
  actual_minutes = excluded.actual_minutes,
  due_at = excluded.due_at,
  updated_at = CURRENT_TIMESTAMP,
  column_id = excluded.column_id,
  client_id = excluded.client_id,
  client_name = excluded.client_name,
  work_mode = excluded.work_mode,
  type = excluded.type,
  score = excluded.score,
  rich_description = excluded.rich_description,
  assignee_name = excluded.assignee_name,
  tags_json = excluded.tags_json,
  assignment_status = excluded.assignment_status,
  assignment_requested_by_member_id = excluded.assignment_requested_by_member_id,
  assignment_requested_at = excluded.assignment_requested_at,
  assignment_responded_at = excluded.assignment_responded_at;

INSERT INTO time_entries (
  id, organization_id, member_id, task_id, project_id, client_id, entry_date,
  minutes, billable, note, work_mode, created_at, updated_at
)
VALUES
  ('time_axel_github_20260703_revolut_probes_reentry_blockers', 'org_demo_righello', 'mem_axel_wearerighello', 'task_axel_github_20260703_revolut_probes_reentry_blockers', 'project_internal_revolut_crypto_scalper', 'client_internal_righello_ops', '2026-07-03', 120, 1, 'Consuntivo GitHub verificato post-08:24: probes e blocchi reingresso perdente.', 'remote', CURRENT_TIMESTAMP, CURRENT_TIMESTAMP),
  ('time_axel_github_20260703_revolut_derisk_profit_bank', 'org_demo_righello', 'mem_axel_wearerighello', 'task_axel_github_20260703_revolut_derisk_profit_bank', 'project_internal_revolut_crypto_scalper', 'client_internal_righello_ops', '2026-07-03', 120, 1, 'Consuntivo GitHub verificato post-08:24: derisk, trim e profit bank.', 'remote', CURRENT_TIMESTAMP, CURRENT_TIMESTAMP),
  ('time_axel_github_20260703_revolut_scanner_cost_basis_tests', 'org_demo_righello', 'mem_axel_wearerighello', 'task_axel_github_20260703_revolut_scanner_cost_basis_tests', 'project_internal_revolut_crypto_scalper', 'client_internal_righello_ops', '2026-07-03', 90, 1, 'Consuntivo GitHub verificato post-08:24: scanner AI, cost basis, sicurezza log e test.', 'remote', CURRENT_TIMESTAMP, CURRENT_TIMESTAMP),
  ('time_axel_github_20260703_obs_marker_clock_overlays', 'org_demo_righello', 'mem_axel_wearerighello', 'task_axel_github_20260703_obs_marker_clock_overlays', 'project_internal_obs_padel_stream_overlay', 'client_internal_righello_ops', '2026-07-03', 105, 1, 'Consuntivo GitHub verificato post-08:24: marker calcio, clock e overlay deferred.', 'remote', CURRENT_TIMESTAMP, CURRENT_TIMESTAMP),
  ('time_axel_github_20260703_obs_post_match_mobile_smoke', 'org_demo_righello', 'mem_axel_wearerighello', 'task_axel_github_20260703_obs_post_match_mobile_smoke', 'project_internal_obs_padel_stream_overlay', 'client_internal_righello_ops', '2026-07-03', 75, 1, 'Consuntivo GitHub verificato post-08:24: post-match, remote mobile e smoke multi-room.', 'remote', CURRENT_TIMESTAMP, CURRENT_TIMESTAMP),
  ('time_axel_github_20260703_canale77_tv_handoff_cesare', 'org_demo_righello', 'mem_axel_wearerighello', 'task_axel_github_20260703_canale77_tv_handoff_cesare', 'project_internal_canale77_ott_platform', 'client_internal_canale77', '2026-07-03', 60, 1, 'Consuntivo GitHub verificato post-08:24: handoff Smart TV e test Cesare.', 'remote', CURRENT_TIMESTAMP, CURRENT_TIMESTAMP),
  ('time_axel_github_20260703_gusto_ipad_testflight_audit', 'org_demo_righello', 'mem_axel_wearerighello', 'task_axel_github_20260703_gusto_ipad_testflight_audit', 'project_internal_gusto_raffinato', 'client_internal_gusto_raffinato', '2026-07-03', 45, 1, 'Consuntivo GitHub verificato post-08:24: iPad scanner, visual audit e TestFlight.', 'remote', CURRENT_TIMESTAMP, CURRENT_TIMESTAMP),
  ('time_axel_github_20260703_dico_v3_assets_reference', 'org_demo_righello', 'mem_axel_wearerighello', 'task_axel_github_20260703_dico_v3_assets_reference', 'project_internal_dico_online_site', 'client_internal_dico_online', '2026-07-03', 30, 1, 'Consuntivo GitHub verificato post-08:24: DICO v3 asset reference e CSS.', 'remote', CURRENT_TIMESTAMP, CURRENT_TIMESTAMP),
  ('time_axel_github_20260703_solero_smtp_production_readiness', 'org_demo_righello', 'mem_axel_wearerighello', 'task_axel_github_20260703_solero_smtp_production_readiness', 'project_internal_solero_sport_village', 'client_rig_ssvo', '2026-07-03', 45, 1, 'Consuntivo GitHub verificato post-08:24: SMTP lead e production readiness.', 'remote', CURRENT_TIMESTAMP, CURRENT_TIMESTAMP),
  ('time_axel_github_20260703_portopiccolo_guesty_public_scope', 'org_demo_righello', 'mem_axel_wearerighello', 'task_axel_github_20260703_portopiccolo_guesty_public_scope', 'project_internal_portopiccolo', 'client_rig_ppap', '2026-07-03', 30, 1, 'Consuntivo GitHub verificato post-08:24: Guesty public listing scope.', 'remote', CURRENT_TIMESTAMP, CURRENT_TIMESTAMP)
ON CONFLICT(id) DO UPDATE SET
  task_id = excluded.task_id,
  project_id = excluded.project_id,
  client_id = excluded.client_id,
  entry_date = excluded.entry_date,
  minutes = excluded.minutes,
  billable = excluded.billable,
  note = excluded.note,
  work_mode = excluded.work_mode,
  updated_at = CURRENT_TIMESTAMP;

INSERT INTO work_days (
  id, organization_id, member_id, entry_date, check_in_at, check_out_at,
  status, absence_reason, notes, created_at, updated_at
)
VALUES
  ('workday_axel_github_20260703_normalized', 'org_demo_righello', 'mem_axel_wearerighello', '2026-07-03', '2026-07-03T07:30:00+02:00', '2026-07-03T23:45:00+02:00', 'closed', NULL, 'Normalizzato da consuntivi GitHub verificati: 810 minuti task di valore totali sul 3 luglio, presenza estesa da titolare.', CURRENT_TIMESTAMP, CURRENT_TIMESTAMP)
ON CONFLICT(organization_id, member_id, entry_date) DO UPDATE SET
  check_in_at = excluded.check_in_at,
  check_out_at = excluded.check_out_at,
  status = excluded.status,
  absence_reason = excluded.absence_reason,
  notes = excluded.notes,
  updated_at = CURRENT_TIMESTAMP;

UPDATE tasks
SET actual_minutes = (
  SELECT COALESCE(SUM(time_entries.minutes), 0)
  FROM time_entries
  WHERE time_entries.organization_id = tasks.organization_id
    AND time_entries.task_id = tasks.id
),
updated_at = CURRENT_TIMESTAMP
WHERE organization_id = 'org_demo_righello'
  AND assignee_member_id = 'mem_axel_wearerighello'
  AND id IN (
    'task_axel_github_20260703_revolut_probes_reentry_blockers',
    'task_axel_github_20260703_revolut_derisk_profit_bank',
    'task_axel_github_20260703_revolut_scanner_cost_basis_tests',
    'task_axel_github_20260703_obs_marker_clock_overlays',
    'task_axel_github_20260703_obs_post_match_mobile_smoke',
    'task_axel_github_20260703_canale77_tv_handoff_cesare',
    'task_axel_github_20260703_gusto_ipad_testflight_audit',
    'task_axel_github_20260703_dico_v3_assets_reference',
    'task_axel_github_20260703_solero_smtp_production_readiness',
    'task_axel_github_20260703_portopiccolo_guesty_public_scope'
  );
