-- Idempotent GitHub activity import for Axel Fleureau.
-- Period: 2026-06-12 20:22 Europe/Rome to 2026-06-15 07:24 Europe/Rome.
-- Source: verified GitHub activity summary supplied by Axel.
-- Workload policy: the 12th already has 14h imported through 20:22, so this
-- seed distributes the new report on 13/14/15 June to avoid impossible totals.
-- Net workload: 27h total, aligned to CTO/founder operational days.

INSERT OR IGNORE INTO project_members (project_id, member_id, organization_id, role)
VALUES
  ('project_internal_optima', 'mem_axel_wearerighello', 'org_demo_righello', 'owner'),
  ('project_internal_obs_padel_stream_overlay', 'mem_axel_wearerighello', 'org_demo_righello', 'owner'),
  ('project_internal_whatsapp_gateway', 'mem_axel_wearerighello', 'org_demo_righello', 'owner'),
  ('project_internal_lumis_photo_publisher', 'mem_axel_wearerighello', 'org_demo_righello', 'owner');

INSERT INTO tasks (
  id, organization_id, project_id, assignee_member_id, title, description,
  status, priority, estimated_minutes, actual_minutes, due_at, created_at, updated_at,
  column_id, client_id, client_name, type, score, rich_description,
  assignee_name, tags_json, attachments_json, comments_json, sub_items_json,
  created_by_member_id, assignment_status, assignment_requested_by_member_id,
  assignment_requested_at, assignment_responded_at
)
VALUES
  (
    'task_axel_github_20260613_20260615_optima_browser_mcp_pairing',
    'org_demo_righello',
    'project_internal_optima',
    'mem_axel_wearerighello',
    '2026-06-13/15 - Optima Browser MCP, pairing remoto e login mobile',
    'Consolidamento Browser MCP per accesso remoto, pairing, callback autenticazione, gateway runner e flusso Tailscale/mobile.',
    'done',
    'urgent',
    300,
    300,
    '2026-06-15T05:24:00.000Z',
    '2026-06-13T07:00:00.000Z',
    CURRENT_TIMESTAMP,
    'done',
    'client_internal_righello_ops',
    'Righello',
    'AI operations / Browser MCP',
    10,
    'Attivita GitHub verificata su axelfleureau/optima-beta. Include sviluppo e consolidamento del sistema Browser MCP per accesso remoto, pairing e login mobile; endpoint MCP per sessione browser e callback autenticazione; gateway Browser MCP lato runner con supporto headless/VPS; miglioramento del flusso Tailscale pairing e blocco login fino a conferma gateway.',
    'Axel Fleureau',
    '["github-real","2026-06-13","2026-06-15","duration-estimated-github","optima-beta","browser-mcp","tailscale","pairing","vps","mobile-login","mcp"]',
    '[]',
    '[]',
    '[]',
    'mem_axel_wearerighello',
    'accepted',
    'mem_axel_wearerighello',
    '2026-06-13T07:00:00.000Z',
    '2026-06-15T05:24:00.000Z'
  ),
  (
    'task_axel_github_20260613_20260615_optima_mcp_setup_wizard',
    'org_demo_righello',
    'project_internal_optima',
    'mem_axel_wearerighello',
    '2026-06-13/15 - Optima wizard MCP OAuth-first e pannello agenti',
    'Wizard setup provider MCP agentico, chiarimento API key opzionali, queue agenti, job panel e seed operativi.',
    'done',
    'urgent',
    300,
    300,
    '2026-06-15T05:24:00.000Z',
    '2026-06-13T08:00:00.000Z',
    CURRENT_TIMESTAMP,
    'done',
    'client_internal_righello_ops',
    'Righello',
    'AI operations / MCP UX',
    10,
    'Attivita GitHub verificata su axelfleureau/optima-beta. Include wizard di setup provider MCP agentico con approccio OAuth-first; chiarimento operativo tra checklist MCP, login browser controllato, fallback API key opzionale e setup provider; aggiornamento pannello job agentici con maggiore superficie informativa; gestione Browser MCP; inserimento seed attivita GitHub Axel del 12 giugno e marcatura assenza Fatin.',
    'Axel Fleureau',
    '["github-real","2026-06-13","2026-06-15","duration-estimated-github","optima-beta","mcp","oauth-first","provider-setup","agent-jobs","ux","cloudflare"]',
    '[]',
    '[]',
    '[]',
    'mem_axel_wearerighello',
    'accepted',
    'mem_axel_wearerighello',
    '2026-06-13T08:00:00.000Z',
    '2026-06-15T05:24:00.000Z'
  ),
  (
    'task_axel_github_20260613_20260614_obs_live_control_release',
    'org_demo_righello',
    'project_internal_obs_padel_stream_overlay',
    'mem_axel_wearerighello',
    '2026-06-13/14 - OBS Padel release live, remote regia e sicurezza sponsor',
    'Rifinitura release live per regia padel/Canale77: control room, remote arbitro/cameraman, sponsor, recovery e documentazione.',
    'done',
    'urgent',
    390,
    390,
    '2026-06-14T20:00:00.000Z',
    '2026-06-13T08:30:00.000Z',
    CURRENT_TIMESTAMP,
    'done',
    'client_internal_righello_ops',
    'Righello',
    'Live streaming / Broadcast operations',
    10,
    'Attivita GitHub verificata su axelfleureau/OBS-Padel-Stream-Overlay. Include preparazione e rifinitura release live per gestione regia padel/Canale77; miglioramento pannello controllo, remote arbitro e remote cameraman; esposizione microfono arbitro; controllo set winner con chiusura protetta; rimozione vincolo password dove necessario; correzioni sponsor restore/fullscreen auto-close/abort client; animazioni live badge, sponsor frame e copy badge pubblicitario; PIN gate, session PIN manager, recovery panel, status strip e help panel; bridge OBS, match-state, replay, obs e documentazione live.',
    'Axel Fleureau',
    '["github-real","2026-06-13","2026-06-14","duration-estimated-github","obs-padel-stream-overlay","canale77","live-regia","remote-arbitro","remote-cameraman","sponsor","recovery","runbook"]',
    '[]',
    '[]',
    '[]',
    'mem_axel_wearerighello',
    'accepted',
    'mem_axel_wearerighello',
    '2026-06-13T08:30:00.000Z',
    '2026-06-14T20:00:00.000Z'
  ),
  (
    'task_axel_github_20260613_20260615_whatsapp_dashboard_port',
    'org_demo_righello',
    'project_internal_whatsapp_gateway',
    'mem_axel_wearerighello',
    '2026-06-13/14 - WhatsApp gateway porta dashboard configurabile',
    'Patch backend whatsapp-web.js per rendere configurabile la porta dashboard e rendere server.js piu flessibile.',
    'done',
    'medium',
    60,
    60,
    '2026-06-14T20:00:00.000Z',
    '2026-06-13T09:00:00.000Z',
    CURRENT_TIMESTAMP,
    'done',
    'client_internal_righello_ops',
    'Righello',
    'WhatsApp / Runtime configuration',
    6,
    'Attivita GitHub verificata su axelfleureau/whatsapp-web.js. Include patch backend per rendere configurabile la porta della dashboard e revisione di server.js per supportare configurazione runtime piu flessibile.',
    'Axel Fleureau',
    '["github-real","2026-06-13","2026-06-14","duration-estimated-github","whatsapp-web-js","server-js","runtime-config","dashboard-port"]',
    '[]',
    '[]',
    '[]',
    'mem_axel_wearerighello',
    'accepted',
    'mem_axel_wearerighello',
    '2026-06-13T09:00:00.000Z',
    '2026-06-14T20:00:00.000Z'
  ),
  (
    'task_axel_github_20260613_20260615_lumis_event_admin_mobile',
    'org_demo_righello',
    'project_internal_lumis_photo_publisher',
    'mem_axel_wearerighello',
    '2026-06-13/15 - Lumis eventi, admin mobile e upload sicuro',
    'Gestione eventi Lumis, cancellazione sicura, tab con modifiche non salvate, upload foto, layout mobile e controlli admin.',
    'done',
    'urgent',
    360,
    360,
    '2026-06-15T05:24:00.000Z',
    '2026-06-13T09:30:00.000Z',
    CURRENT_TIMESTAMP,
    'done',
    'client_internal_righello_ops',
    'Righello',
    'Lumis / Event operations',
    10,
    'Attivita GitHub verificata su axelfleureau/Photo-publisher-righello. Include evoluzione gestione eventi Lumis con cancellazione sicura eventi, protezione tab con modifiche non salvate e migliore UX delete; ottimizzazione upload foto evento; aggiornamento layout mobile Lumis per calendario, controlli, brand settings, chrome radius e componenti form.',
    'Axel Fleureau',
    '["github-real","2026-06-13","2026-06-15","duration-estimated-github","lumis","photo-publisher","events","admin-mobile","upload","delete-safety","unsaved-changes"]',
    '[]',
    '[]',
    '[]',
    'mem_axel_wearerighello',
    'accepted',
    'mem_axel_wearerighello',
    '2026-06-13T09:30:00.000Z',
    '2026-06-15T05:24:00.000Z'
  ),
  (
    'task_axel_github_20260613_20260615_lumis_qr_billing_ios',
    'org_demo_righello',
    'project_internal_lumis_photo_publisher',
    'mem_axel_wearerighello',
    '2026-06-13/15 - Lumis QR poster, billing, watermark e iOS build',
    'Workflow QR poster branded, composizione sfondo evento, payout/watermark, account-only iOS, build 45 e documentazione fiscale.',
    'done',
    'high',
    330,
    330,
    '2026-06-15T05:24:00.000Z',
    '2026-06-13T10:00:00.000Z',
    CURRENT_TIMESTAMP,
    'done',
    'client_internal_righello_ops',
    'Righello',
    'Lumis / Product & billing',
    9,
    'Attivita GitHub verificata su axelfleureau/Photo-publisher-righello. Include workflow QR poster con grafica branded, sfondo automatico da foto evento, composizione poster e layout condivisione; controlli payout e watermark con migration intensita watermark; allineamento iOS alla modalita account-only e build iOS 45; default Vite env; documentazione operativa su billing e flusso Stripe/fiscale; miglioramento copy beta operations e dichiarazione upload.',
    'Axel Fleureau',
    '["github-real","2026-06-13","2026-06-15","duration-estimated-github","lumis","qr-poster","billing","stripe","watermark","ios","vite","fiscal-ops"]',
    '[]',
    '[]',
    '[]',
    'mem_axel_wearerighello',
    'accepted',
    'mem_axel_wearerighello',
    '2026-06-13T10:00:00.000Z',
    '2026-06-15T05:24:00.000Z'
  )
ON CONFLICT(id) DO UPDATE SET
  project_id = excluded.project_id,
  assignee_member_id = excluded.assignee_member_id,
  title = excluded.title,
  description = excluded.description,
  status = excluded.status,
  priority = excluded.priority,
  estimated_minutes = excluded.estimated_minutes,
  actual_minutes = excluded.actual_minutes,
  due_at = excluded.due_at,
  created_at = excluded.created_at,
  updated_at = CURRENT_TIMESTAMP,
  column_id = excluded.column_id,
  client_id = excluded.client_id,
  client_name = excluded.client_name,
  type = excluded.type,
  score = excluded.score,
  rich_description = excluded.rich_description,
  assignee_name = excluded.assignee_name,
  tags_json = excluded.tags_json,
  attachments_json = excluded.attachments_json,
  comments_json = excluded.comments_json,
  sub_items_json = excluded.sub_items_json,
  created_by_member_id = excluded.created_by_member_id,
  assignment_status = excluded.assignment_status,
  assignment_requested_by_member_id = excluded.assignment_requested_by_member_id,
  assignment_requested_at = excluded.assignment_requested_at,
  assignment_responded_at = excluded.assignment_responded_at;

INSERT INTO time_entries (
  id, organization_id, member_id, task_id, project_id, client_id,
  entry_date, minutes, billable, note, created_at, updated_at
)
VALUES
  ('time_axel_github_20260613_optima_browser_mcp_pairing', 'org_demo_righello', 'mem_axel_wearerighello', 'task_axel_github_20260613_20260615_optima_browser_mcp_pairing', 'project_internal_optima', 'client_internal_righello_ops', '2026-06-13', 180, 1, 'Stima GitHub 13 giugno: Optima Browser MCP, pairing remoto, gateway runner e flusso Tailscale/mobile.', CURRENT_TIMESTAMP, CURRENT_TIMESTAMP),
  ('time_axel_github_20260613_obs_live_control_release', 'org_demo_righello', 'mem_axel_wearerighello', 'task_axel_github_20260613_20260614_obs_live_control_release', 'project_internal_obs_padel_stream_overlay', 'client_internal_righello_ops', '2026-06-13', 210, 1, 'Stima GitHub 13 giugno: OBS Padel release live, remote arbitro/cameraman, sponsor e safety controls.', CURRENT_TIMESTAMP, CURRENT_TIMESTAMP),
  ('time_axel_github_20260613_whatsapp_dashboard_port', 'org_demo_righello', 'mem_axel_wearerighello', 'task_axel_github_20260613_20260615_whatsapp_dashboard_port', 'project_internal_whatsapp_gateway', 'client_internal_righello_ops', '2026-06-13', 60, 1, 'Stima GitHub 13 giugno: whatsapp-web.js porta dashboard configurabile e runtime server.js.', CURRENT_TIMESTAMP, CURRENT_TIMESTAMP),
  ('time_axel_github_20260613_lumis_event_admin_mobile', 'org_demo_righello', 'mem_axel_wearerighello', 'task_axel_github_20260613_20260615_lumis_event_admin_mobile', 'project_internal_lumis_photo_publisher', 'client_internal_righello_ops', '2026-06-13', 210, 1, 'Stima GitHub 13 giugno: Lumis gestione eventi, delete safety, unsaved changes e upload foto evento.', CURRENT_TIMESTAMP, CURRENT_TIMESTAMP),
  ('time_axel_github_20260613_lumis_qr_billing_ios', 'org_demo_righello', 'mem_axel_wearerighello', 'task_axel_github_20260613_20260615_lumis_qr_billing_ios', 'project_internal_lumis_photo_publisher', 'client_internal_righello_ops', '2026-06-13', 120, 1, 'Stima GitHub 13 giugno: Lumis QR poster branded, sharing e prime rifiniture billing/watermark.', CURRENT_TIMESTAMP, CURRENT_TIMESTAMP),
  ('time_axel_github_20260614_optima_mcp_setup_wizard', 'org_demo_righello', 'mem_axel_wearerighello', 'task_axel_github_20260613_20260615_optima_mcp_setup_wizard', 'project_internal_optima', 'client_internal_righello_ops', '2026-06-14', 240, 1, 'Stima GitHub 14 giugno: Optima wizard MCP OAuth-first, provider setup, fallback API opzionale e pannello agenti.', CURRENT_TIMESTAMP, CURRENT_TIMESTAMP),
  ('time_axel_github_20260614_obs_live_control_release', 'org_demo_righello', 'mem_axel_wearerighello', 'task_axel_github_20260613_20260614_obs_live_control_release', 'project_internal_obs_padel_stream_overlay', 'client_internal_righello_ops', '2026-06-14', 180, 1, 'Stima GitHub 14 giugno: OBS Padel runbook, recovery panel, status strip, bridge OBS e route live.', CURRENT_TIMESTAMP, CURRENT_TIMESTAMP),
  ('time_axel_github_20260614_lumis_event_admin_mobile', 'org_demo_righello', 'mem_axel_wearerighello', 'task_axel_github_20260613_20260615_lumis_event_admin_mobile', 'project_internal_lumis_photo_publisher', 'client_internal_righello_ops', '2026-06-14', 150, 1, 'Stima GitHub 14 giugno: Lumis layout mobile, calendario, controlli, brand settings e form components.', CURRENT_TIMESTAMP, CURRENT_TIMESTAMP),
  ('time_axel_github_20260614_lumis_qr_billing_ios', 'org_demo_righello', 'mem_axel_wearerighello', 'task_axel_github_20260613_20260615_lumis_qr_billing_ios', 'project_internal_lumis_photo_publisher', 'client_internal_righello_ops', '2026-06-14', 90, 1, 'Stima GitHub 14 giugno: Lumis payout, watermark intensity migration, iOS account-only e build 45.', CURRENT_TIMESTAMP, CURRENT_TIMESTAMP),
  ('time_axel_github_20260615_optima_browser_mcp_pairing', 'org_demo_righello', 'mem_axel_wearerighello', 'task_axel_github_20260613_20260615_optima_browser_mcp_pairing', 'project_internal_optima', 'client_internal_righello_ops', '2026-06-15', 120, 1, 'Stima GitHub 15 giugno: chiusura mattutina Optima Browser MCP, callback, gateway e UX pairing.', CURRENT_TIMESTAMP, CURRENT_TIMESTAMP),
  ('time_axel_github_20260615_optima_mcp_setup_wizard', 'org_demo_righello', 'mem_axel_wearerighello', 'task_axel_github_20260613_20260615_optima_mcp_setup_wizard', 'project_internal_optima', 'client_internal_righello_ops', '2026-06-15', 60, 1, 'Stima GitHub 15 giugno: chiusura mattutina wizard MCP e pannello agenti.', CURRENT_TIMESTAMP, CURRENT_TIMESTAMP)
ON CONFLICT(id) DO UPDATE SET
  task_id = excluded.task_id,
  project_id = excluded.project_id,
  client_id = excluded.client_id,
  entry_date = excluded.entry_date,
  minutes = excluded.minutes,
  billable = excluded.billable,
  note = excluded.note,
  updated_at = CURRENT_TIMESTAMP;

INSERT INTO work_days (
  id, organization_id, member_id, entry_date, check_in_at, check_out_at, status, absence_reason, notes
)
VALUES
  ('workday_axel_20260613_github_import', 'org_demo_righello', 'mem_axel_wearerighello', '2026-06-13', '2026-06-13T09:00:00+02:00', '2026-06-13T23:00:00+02:00', 'closed', NULL, 'Presenza ricostruita da attivita GitHub verificata 13 giugno: 13h nette su Optima Browser MCP, OBS live, Lumis e WhatsApp gateway. Finestra operativa ampia con pause escluse dal netto.'),
  ('workday_axel_20260614_github_import', 'org_demo_righello', 'mem_axel_wearerighello', '2026-06-14', '2026-06-14T09:30:00+02:00', '2026-06-14T22:00:00+02:00', 'closed', NULL, 'Presenza ricostruita da attivita GitHub verificata 14 giugno: 11h nette su Optima MCP, OBS live e Lumis. Domenica operativa da founder/CTO.'),
  ('workday_axel_20260615_github_import', 'org_demo_righello', 'mem_axel_wearerighello', '2026-06-15', '2026-06-15T04:30:00+02:00', '2026-06-15T07:24:00+02:00', 'closed', NULL, 'Presenza ricostruita da attivita GitHub verificata 15 giugno: 3h nette mattutine su Optima Browser MCP e setup MCP.')
ON CONFLICT(organization_id, member_id, entry_date) DO UPDATE SET
  check_in_at = excluded.check_in_at,
  check_out_at = excluded.check_out_at,
  status = excluded.status,
  absence_reason = excluded.absence_reason,
  notes = excluded.notes,
  updated_at = CURRENT_TIMESTAMP;
