-- Idempotent GitHub activity import for Axel Fleureau.
-- Period: 2026-06-21 08:38 -> 2026-06-26 13:04 Europe/Rome.
-- Source: GitHub operational activity report supplied by Axel.
-- Scope: 190 commits across 11 repositories on main branches.
-- Policy: import repository-level operational tasks and dated time entries,
-- so presence history shows the correct daily work without one task per commit.

PRAGMA foreign_keys = ON;

INSERT INTO clients (id, organization_id, name, email, company, status, created_at, updated_at)
VALUES
  ('client_internal_righello_ops', 'org_demo_righello', 'Righello', NULL, 'Righello', 'active', '2026-05-22T08:00:00.000Z', CURRENT_TIMESTAMP),
  ('client_rig_ppap', 'org_demo_righello', 'Portopiccolo', NULL, 'Portopiccolo Apartments', 'active', '2026-05-22T08:00:00.000Z', CURRENT_TIMESTAMP)
ON CONFLICT(id) DO UPDATE SET
  name = excluded.name,
  company = excluded.company,
  status = excluded.status,
  updated_at = CURRENT_TIMESTAMP;

INSERT INTO projects (id, organization_id, client_id, name, status, budget_cents, starts_at, due_at, created_at, updated_at)
VALUES
  ('project_internal_optima', 'org_demo_righello', 'client_internal_righello_ops', 'Optima Beta', 'active', 0, '2026-05-22T08:00:00.000Z', '2026-12-31T18:00:00.000Z', '2026-05-22T08:00:00.000Z', CURRENT_TIMESTAMP),
  ('project_internal_obs_padel_stream_overlay', 'org_demo_righello', 'client_internal_righello_ops', 'OBS Padel Stream Overlay', 'active', 0, '2026-05-22T08:00:00.000Z', '2026-12-31T18:00:00.000Z', '2026-05-22T08:00:00.000Z', CURRENT_TIMESTAMP),
  ('project_internal_tetha', 'org_demo_righello', 'client_internal_righello_ops', 'Tetha', 'active', 0, '2026-05-22T08:00:00.000Z', '2026-12-31T18:00:00.000Z', '2026-05-22T08:00:00.000Z', CURRENT_TIMESTAMP),
  ('project_internal_revolut_crypto_scalper', 'org_demo_righello', 'client_internal_righello_ops', 'Revolut Crypto Scalper', 'active', 0, '2026-05-22T08:00:00.000Z', '2026-12-31T18:00:00.000Z', '2026-05-22T08:00:00.000Z', CURRENT_TIMESTAMP),
  ('project_internal_headroom', 'org_demo_righello', 'client_internal_righello_ops', 'Headroom', 'active', 0, '2026-06-21T08:38:00.000Z', '2026-12-31T18:00:00.000Z', '2026-06-21T08:38:00.000Z', CURRENT_TIMESTAMP),
  ('project_internal_reguta_gest', 'org_demo_righello', 'client_internal_righello_ops', 'Reguta Gest', 'active', 0, '2026-05-22T08:00:00.000Z', '2026-12-31T18:00:00.000Z', '2026-05-22T08:00:00.000Z', CURRENT_TIMESTAMP),
  ('project_internal_portopiccolo', 'org_demo_righello', 'client_rig_ppap', 'Portopiccolo', 'active', 0, '2026-05-22T08:00:00.000Z', '2026-12-31T18:00:00.000Z', '2026-05-22T08:00:00.000Z', CURRENT_TIMESTAMP),
  ('project_internal_dico_online_site', 'org_demo_righello', 'client_internal_righello_ops', 'DICO Online Site', 'active', 0, '2026-06-21T08:38:00.000Z', '2026-12-31T18:00:00.000Z', '2026-06-21T08:38:00.000Z', CURRENT_TIMESTAMP),
  ('project_internal_portopiccolo_finance', 'org_demo_righello', 'client_rig_ppap', 'PortopiccoloFinance', 'active', 0, '2026-06-21T08:38:00.000Z', '2026-12-31T18:00:00.000Z', '2026-06-21T08:38:00.000Z', CURRENT_TIMESTAMP),
  ('project_internal_righello_site', 'org_demo_righello', 'client_internal_righello_ops', 'Righello Site', 'active', 0, '2026-05-22T08:00:00.000Z', '2026-12-31T18:00:00.000Z', '2026-05-22T08:00:00.000Z', CURRENT_TIMESTAMP),
  ('project_internal_gusto_raffinato', 'org_demo_righello', 'client_internal_righello_ops', 'Gusto Raffinato', 'active', 0, '2026-05-22T08:00:00.000Z', '2026-12-31T18:00:00.000Z', '2026-05-22T08:00:00.000Z', CURRENT_TIMESTAMP)
ON CONFLICT(id) DO UPDATE SET
  client_id = excluded.client_id,
  name = excluded.name,
  status = excluded.status,
  updated_at = CURRENT_TIMESTAMP;

INSERT OR IGNORE INTO project_members (project_id, member_id, organization_id, role)
VALUES
  ('project_internal_optima', 'mem_axel_wearerighello', 'org_demo_righello', 'owner'),
  ('project_internal_obs_padel_stream_overlay', 'mem_axel_wearerighello', 'org_demo_righello', 'owner'),
  ('project_internal_tetha', 'mem_axel_wearerighello', 'org_demo_righello', 'owner'),
  ('project_internal_revolut_crypto_scalper', 'mem_axel_wearerighello', 'org_demo_righello', 'owner'),
  ('project_internal_headroom', 'mem_axel_wearerighello', 'org_demo_righello', 'owner'),
  ('project_internal_reguta_gest', 'mem_axel_wearerighello', 'org_demo_righello', 'owner'),
  ('project_internal_portopiccolo', 'mem_axel_wearerighello', 'org_demo_righello', 'owner'),
  ('project_internal_dico_online_site', 'mem_axel_wearerighello', 'org_demo_righello', 'owner'),
  ('project_internal_portopiccolo_finance', 'mem_axel_wearerighello', 'org_demo_righello', 'owner'),
  ('project_internal_righello_site', 'mem_axel_wearerighello', 'org_demo_righello', 'owner'),
  ('project_internal_gusto_raffinato', 'mem_axel_wearerighello', 'org_demo_righello', 'owner');

INSERT INTO tasks (
  id, organization_id, project_id, assignee_member_id, title, description,
  status, priority, estimated_minutes, actual_minutes, due_at, created_at, updated_at,
  column_id, client_id, client_name, type, score, rich_description, assignee_name,
  tags_json, attachments_json, comments_json, sub_items_json, created_by_member_id,
  assignment_status, assignment_requested_by_member_id, assignment_requested_at, assignment_responded_at
)
VALUES
  (
    'task_axel_github_20260621_20260626_optima_mcp_oauth_ci_presence',
    'org_demo_righello',
    'project_internal_optima',
    'mem_axel_wearerighello',
    'Optima - MCP OAuth, deploy production e presenze',
    'Implementazione Device Flow per connector Cloudflare/GitHub, setup-info OAuth MCP, refresh cron, setup dialog, deploy production automatico e miglioramenti presenze.',
    'done',
    'urgent',
    420,
    420,
    '2026-06-26T13:04:00.000Z',
    '2026-06-21T08:38:00.000Z',
    CURRENT_TIMESTAMP,
    'done',
    'client_internal_righello_ops',
    'Righello',
    'Gestionale interno / MCP OAuth',
    10,
    'Attivita GitHub verificata su Optima Beta: 11 commit. Implementato OAuth Device Flow per connector Cloudflare/GitHub, setup-info OAuth con redirect URI, env vars, scopes e consent URL, cron refresh token MCP, refactor UX connector MCP, deploy production automatico su push main con OpenNext/Wrangler/smoke test, fix CI deploy, reminder checkout task e quick-create presenze, scroll dashboard Mac trackpad e permessi junior per browsing clienti/task orphan.',
    'Axel Fleureau',
    '["github-real","2026-06-21","2026-06-26","optima-beta","mcp-oauth","cloudflare","github","ci-cd","presenze"]',
    '[]',
    '[]',
    '[]',
    'mem_axel_wearerighello',
    'accepted',
    'mem_axel_wearerighello',
    '2026-06-21T08:38:00.000Z',
    '2026-06-26T13:04:00.000Z'
  ),
  (
    'task_axel_github_20260621_20260626_obs_davinci_production_pipeline',
    'org_demo_righello',
    'project_internal_obs_padel_stream_overlay',
    'mem_axel_wearerighello',
    'OBS Padel - DaVinci production pipeline',
    'Evoluzione pipeline produzione sportiva/DaVinci, Mac agent, build match end-to-end, overlay sponsor, marker e workflow calcio.',
    'done',
    'urgent',
    600,
    600,
    '2026-06-26T13:04:00.000Z',
    '2026-06-21T09:00:00.000Z',
    CURRENT_TIMESTAMP,
    'done',
    'client_internal_righello_ops',
    'Righello',
    'Live production / Video automation',
    10,
    'Attivita GitHub verificata su OBS Padel Stream Overlay: 31 commit. Build match end-to-end, upload/download Mac agent, download finale mp4, auto-export config.yaml, job queue build_match, Production UI, sponsor overlay Blink/Lanner, marker badge red card/overtime, auto-trim interviste, football palmare, replay pending async goal, quick markers, recovery marker card con import EDL/JSON, packaging Mac agent, notarizzazione pkg, Gatekeeper, UI agent, Hostinger docs, Calcio FVG, endpoint football-lineup, operator checklist e tutorial PDF.',
    'Axel Fleureau',
    '["github-real","2026-06-21","2026-06-26","obs-padel","davinci","mac-agent","video-automation","live-production"]',
    '[]',
    '[]',
    '[]',
    'mem_axel_wearerighello',
    'accepted',
    'mem_axel_wearerighello',
    '2026-06-21T09:00:00.000Z',
    '2026-06-26T13:04:00.000Z'
  ),
  (
    'task_axel_github_20260621_20260626_tetha_ai_ocr_pdf',
    'org_demo_righello',
    'project_internal_tetha',
    'mem_axel_wearerighello',
    'Tetha - fallback AI, OCR server e PDF offerte',
    'Fallback MiniMax M3, router OCR PaddleOCR/Textract, OCR server-side e generazione preventivi/consuntivi PDF.',
    'done',
    'high',
    240,
    240,
    '2026-06-26T13:04:00.000Z',
    '2026-06-21T09:15:00.000Z',
    CURRENT_TIMESTAMP,
    'done',
    'client_internal_righello_ops',
    'Righello',
    'AI / OCR / Document automation',
    9,
    'Attivita GitHub verificata su Tetha: 6 commit. Aggiunto fallback AI MiniMax M3, documentazione e smoke test runtime, router OCR self-hosted PaddleOCR con fallback AWS Textract, endpoint multipart server-side, rimozione mock browser-side, generazione preventivo Villorba per Veneta/Sandonauto con Chrome headless, bordi SVG e split rendering, rifinitura layout e regole prezzo manodopera.',
    'Axel Fleureau',
    '["github-real","2026-06-21","2026-06-26","tetha","minimax","ocr","paddleocr","textract","pdf"]',
    '[]',
    '[]',
    '[]',
    'mem_axel_wearerighello',
    'accepted',
    'mem_axel_wearerighello',
    '2026-06-21T09:15:00.000Z',
    '2026-06-26T13:04:00.000Z'
  ),
  (
    'task_axel_github_20260621_20260626_revolut_trading_runtime',
    'org_demo_righello',
    'project_internal_revolut_crypto_scalper',
    'mem_axel_wearerighello',
    'Revolut - trading signals, exits e runtime',
    'Rafforzamento segnali trading, fallback AI runtime, exits, risk engine e test su guardie buy/position exits.',
    'done',
    'urgent',
    420,
    420,
    '2026-06-26T13:04:00.000Z',
    '2026-06-21T09:30:00.000Z',
    CURRENT_TIMESTAMP,
    'done',
    'client_internal_righello_ops',
    'Righello',
    'Trading automation / Risk management',
    10,
    'Attivita GitHub verificata su Revolut Crypto Scalper: 27 commit. Profit compounding, VWAP mean reversion, multi-timeframe confirmation, fallback MiniMax/local OpenAI-compatible per quota Codex CLI o Ollama/LiteLLM, ticker mapping, sweep debug log, take-profit parziale, reset tier su buy, stop loss piu controllati, top-mover filter, soft stop, wider take-profit tiers, daily buy cap piu permissivo, hardening Hermes/Codex CLI e test su buy guards, position exits, risk engine, fallback runtime e signal engine.',
    'Axel Fleureau',
    '["github-real","2026-06-21","2026-06-26","revolut-crypto-scalper","trading","risk","runtime","tests"]',
    '[]',
    '[]',
    '[]',
    'mem_axel_wearerighello',
    'accepted',
    'mem_axel_wearerighello',
    '2026-06-21T09:30:00.000Z',
    '2026-06-26T13:04:00.000Z'
  ),
  (
    'task_axel_github_20260621_20260626_headroom_minimax_proxy',
    'org_demo_righello',
    'project_internal_headroom',
    'mem_axel_wearerighello',
    'Headroom - MiniMax proxy, dashboard e cost tracking',
    'Contributi diretti Axel su fork Headroom: MiniMax, dashboard, pricing fallback, savings tracker e routing provider.',
    'done',
    'high',
    360,
    360,
    '2026-06-26T13:04:00.000Z',
    '2026-06-21T10:00:00.000Z',
    CURRENT_TIMESTAMP,
    'done',
    'client_internal_righello_ops',
    'Righello',
    'Open source / AI proxy',
    9,
    'Attivita GitHub verificata su Headroom: fork con sync upstream e 24 commit firmati Axel nel periodo. Supporto MiniMax, dashboard MiniMax, pricing fallback e savings tracker anche senza litellm, fix streaming handler, Anthropic batch override, calcolo token/costi da log, contributi su proxy/dashboard e supporto routing provider. I commit upstream/autori terzi non sono conteggiati come lavoro diretto.',
    'Axel Fleureau',
    '["github-real","2026-06-21","2026-06-26","headroom","minimax","proxy","dashboard","cost-tracking"]',
    '[]',
    '[]',
    '[]',
    'mem_axel_wearerighello',
    'accepted',
    'mem_axel_wearerighello',
    '2026-06-21T10:00:00.000Z',
    '2026-06-26T13:04:00.000Z'
  ),
  (
    'task_axel_github_20260621_20260626_reguta_unlimited_ocr',
    'org_demo_righello',
    'project_internal_reguta_gest',
    'mem_axel_wearerighello',
    'Reguta - OCR Unlimited-OCR machinery reanalysis',
    'Pipeline OCR Unlimited-OCR, VPS CPU FastAPI wrapper, compatibilita Torch CPU-only e collegamento reanalyze machinery.',
    'done',
    'high',
    120,
    120,
    '2026-06-26T13:04:00.000Z',
    '2026-06-21T10:15:00.000Z',
    CURRENT_TIMESTAMP,
    'done',
    'client_internal_righello_ops',
    'Righello',
    'OCR / Backend integration',
    8,
    'Attivita GitHub verificata su Reguta Gest: 4 commit. Aggiunta pipeline OCR Unlimited-OCR per rianalisi macchinari, deploy VPS CPU FastAPI wrapper, patch compatibilita CPU-only Torch e collegamento reanalyze machinery alla pipeline OCR.',
    'Axel Fleureau',
    '["github-real","2026-06-21","2026-06-26","reguta-gest","ocr","unlimited-ocr","vps","fastapi"]',
    '[]',
    '[]',
    '[]',
    'mem_axel_wearerighello',
    'accepted',
    'mem_axel_wearerighello',
    '2026-06-21T10:15:00.000Z',
    '2026-06-26T13:04:00.000Z'
  ),
  (
    'task_axel_github_20260621_20260626_portopiccolo_admin_seo_uploads',
    'org_demo_righello',
    'project_internal_portopiccolo',
    'mem_axel_wearerighello',
    'Portopiccolo - admin CMS, upload HEIC e SEO',
    'Rich text editor Art of Living, fix mobile Safari, upload HEIC/HEIF, SEO indexing e pulizia build artifacts.',
    'done',
    'high',
    180,
    180,
    '2026-06-26T13:04:00.000Z',
    '2026-06-21T10:30:00.000Z',
    CURRENT_TIMESTAMP,
    'done',
    'client_rig_ppap',
    'Portopiccolo',
    'Admin CMS / SEO',
    9,
    'Attivita GitHub verificata su Portopiccolo: 7 commit. Aggiunto rich text editor con immagini inline per Art of Living admin, fix scroll editor e admin su iPhone Safari, supporto upload HEIC/HEIF e surfacing errori server-side upload, fix SEO indexing con dynamic sitemap, JSON-LD structured data, llms.txt, robots e favicon/icons, pulizia build artifacts non da tracciare. Workflow audit-images quasi tutti riusciti con failure finale su 6caddc7.',
    'Axel Fleureau',
    '["github-real","2026-06-21","2026-06-26","portopiccolo","cms","heic","seo","mobile-safari"]',
    '[]',
    '[]',
    '[]',
    'mem_axel_wearerighello',
    'accepted',
    'mem_axel_wearerighello',
    '2026-06-21T10:30:00.000Z',
    '2026-06-26T13:04:00.000Z'
  ),
  (
    'task_axel_github_20260621_20260626_dico_seo_content',
    'org_demo_righello',
    'project_internal_dico_online_site',
    'mem_axel_wearerighello',
    'DICO - content structure, SEO pack e homepage',
    'Allineamento struttura DICO, SEO pack, rendering FAQ/video, tracking e rifiniture UI/copy.',
    'done',
    'medium',
    180,
    180,
    '2026-06-26T13:04:00.000Z',
    '2026-06-21T10:45:00.000Z',
    CURRENT_TIMESTAMP,
    'done',
    'client_internal_righello_ops',
    'Righello',
    'Frontend / SEO / Content',
    8,
    'Attivita GitHub verificata su DICO Online Site: 8 commit. Struttura RISORSE, SERVIZI PLUS, REFERENZE, FAQ ufficiali e copy homepage, SEO pack con meta tag, Open Graph, Twitter Card, JSON-LD, sitemap, robots e manifest, rendering dinamico FAQ/video e tracking provider-agnostic, hero con piazza italiana reale, card Punti di Forza, mapping icone Sabina e rimozione note interne dalle pagine pubbliche.',
    'Axel Fleureau',
    '["github-real","2026-06-21","2026-06-26","dico-online-site","seo","content","frontend"]',
    '[]',
    '[]',
    '[]',
    'mem_axel_wearerighello',
    'accepted',
    'mem_axel_wearerighello',
    '2026-06-21T10:45:00.000Z',
    '2026-06-26T13:04:00.000Z'
  ),
  (
    'task_axel_github_20260621_20260626_portopiccolo_finance_suite',
    'org_demo_righello',
    'project_internal_portopiccolo_finance',
    'mem_axel_wearerighello',
    'PortopiccoloFinance - suite, tooling e go-live pack',
    'Nuovo repository finance, estrazione dashboard/admin, macOS app, tooling Quadra, evidence pack, go-live pack e test helper.',
    'done',
    'high',
    240,
    240,
    '2026-06-26T13:04:00.000Z',
    '2026-06-21T11:00:00.000Z',
    CURRENT_TIMESTAMP,
    'done',
    'client_rig_ppap',
    'Portopiccolo',
    'Finance ops / Tooling',
    9,
    'Attivita GitHub verificata su PortopiccoloFinance: 2 commit ad alta intensita. Creato repository dedicato suite finance Portopiccolo, estrazione iniziale dashboard/admin finance, app macOS, tooling Quadra, preflight, evidence pack e go-live pack, refactor tooling in moduli condivisi tools/lib con helper config, keychain, HTTP, hash, selector, gates, CSV e output, suite node:test per helper tooling.',
    'Axel Fleureau',
    '["github-real","2026-06-21","2026-06-26","portopiccolo-finance","finance-ops","macos","tooling","tests"]',
    '[]',
    '[]',
    '[]',
    'mem_axel_wearerighello',
    'accepted',
    'mem_axel_wearerighello',
    '2026-06-21T11:00:00.000Z',
    '2026-06-26T13:04:00.000Z'
  ),
  (
    'task_axel_github_20260621_20260626_righello_site_seo_ci',
    'org_demo_righello',
    'project_internal_righello_site',
    'mem_axel_wearerighello',
    'Righello Site - SEO gap e CI/CD',
    'Manifest, Open Graph default, dynamic sitemap, copy process steps e icone SVG; CI/CD ancora fallita nel periodo.',
    'done',
    'medium',
    60,
    60,
    '2026-06-26T13:04:00.000Z',
    '2026-06-21T11:15:00.000Z',
    CURRENT_TIMESTAMP,
    'done',
    'client_internal_righello_ops',
    'Righello',
    'Frontend / SEO / CI',
    6,
    'Attivita GitHub verificata su Righello Site: 2 commit. Chiusura gap SEO con manifest, default Open Graph e dynamic sitemap, rifinitura copy process steps e icone SVG. Criticita aperta: CI/CD fallita sul push del periodo.',
    'Axel Fleureau',
    '["github-real","2026-06-21","2026-06-26","righello-site","seo","ci-cd"]',
    '[]',
    '[]',
    '[]',
    'mem_axel_wearerighello',
    'accepted',
    'mem_axel_wearerighello',
    '2026-06-21T11:15:00.000Z',
    '2026-06-26T13:04:00.000Z'
  ),
  (
    'task_axel_github_20260621_20260626_gusto_raffinato_scanner_menu',
    'org_demo_righello',
    'project_internal_gusto_raffinato',
    'mem_axel_wearerighello',
    'Gusto Raffinato - scanner tavoli e menu Restaurant OS',
    'Scanner tavoli collegato al gateway produzione e menu Restaurant OS reso modificabile e diet-aware.',
    'done',
    'medium',
    90,
    90,
    '2026-06-26T13:04:00.000Z',
    '2026-06-21T11:30:00.000Z',
    CURRENT_TIMESTAMP,
    'done',
    'client_internal_righello_ops',
    'Righello',
    'Mobile / Backend integration',
    7,
    'Attivita GitHub verificata su Gusto Raffinato: 3 commit. Connessione scanner tavoli al gateway produzione di default, puntamento table scanner su deployed gateway e menu Restaurant OS reso modificabile e diet-aware.',
    'Axel Fleureau',
    '["github-real","2026-06-21","2026-06-26","gusto-raffinato","table-scanner","restaurant-os","mobile"]',
    '[]',
    '[]',
    '[]',
    'mem_axel_wearerighello',
    'accepted',
    'mem_axel_wearerighello',
    '2026-06-21T11:30:00.000Z',
    '2026-06-26T13:04:00.000Z'
  )
ON CONFLICT(id) DO UPDATE SET
  project_id = excluded.project_id,
  assignee_member_id = excluded.assignee_member_id,
  title = excluded.title,
  description = excluded.description,
  status = excluded.status,
  priority = excluded.priority,
  estimated_minutes = excluded.estimated_minutes,
  actual_minutes = excluded.actual_minutes,
  due_at = excluded.due_at,
  updated_at = CURRENT_TIMESTAMP,
  column_id = excluded.column_id,
  client_id = excluded.client_id,
  client_name = excluded.client_name,
  type = excluded.type,
  score = excluded.score,
  rich_description = excluded.rich_description,
  assignee_name = excluded.assignee_name,
  tags_json = excluded.tags_json,
  assignment_status = excluded.assignment_status,
  assignment_requested_by_member_id = excluded.assignment_requested_by_member_id,
  assignment_requested_at = excluded.assignment_requested_at,
  assignment_responded_at = excluded.assignment_responded_at;

INSERT INTO time_entries (
  id, organization_id, member_id, task_id, project_id, client_id, entry_date,
  minutes, billable, note, created_at, updated_at
)
VALUES
  ('time_axel_github_20260621_optima_mcp_oauth_ci_presence', 'org_demo_righello', 'mem_axel_wearerighello', 'task_axel_github_20260621_20260626_optima_mcp_oauth_ci_presence', 'project_internal_optima', 'client_internal_righello_ops', '2026-06-21', 240, 1, 'Consuntivo da attivita GitHub verificata: Optima MCP OAuth, connector e CI/CD production.', CURRENT_TIMESTAMP, CURRENT_TIMESTAMP),
  ('time_axel_github_20260625_optima_mcp_oauth_ci_presence', 'org_demo_righello', 'mem_axel_wearerighello', 'task_axel_github_20260621_20260626_optima_mcp_oauth_ci_presence', 'project_internal_optima', 'client_internal_righello_ops', '2026-06-25', 180, 1, 'Consuntivo da attivita GitHub verificata: presenze, dashboard scroll e permessi operativi.', CURRENT_TIMESTAMP, CURRENT_TIMESTAMP),
  ('time_axel_github_20260621_obs_davinci_production_pipeline', 'org_demo_righello', 'mem_axel_wearerighello', 'task_axel_github_20260621_20260626_obs_davinci_production_pipeline', 'project_internal_obs_padel_stream_overlay', 'client_internal_righello_ops', '2026-06-21', 180, 1, 'Consuntivo da attivita GitHub verificata: DaVinci/macOS agent e Production UI.', CURRENT_TIMESTAMP, CURRENT_TIMESTAMP),
  ('time_axel_github_20260622_obs_davinci_production_pipeline', 'org_demo_righello', 'mem_axel_wearerighello', 'task_axel_github_20260621_20260626_obs_davinci_production_pipeline', 'project_internal_obs_padel_stream_overlay', 'client_internal_righello_ops', '2026-06-22', 240, 1, 'Consuntivo da attivita GitHub verificata: build_match, overlay, marker e workflow sportivi.', CURRENT_TIMESTAMP, CURRENT_TIMESTAMP),
  ('time_axel_github_20260623_obs_davinci_production_pipeline', 'org_demo_righello', 'mem_axel_wearerighello', 'task_axel_github_20260621_20260626_obs_davinci_production_pipeline', 'project_internal_obs_padel_stream_overlay', 'client_internal_righello_ops', '2026-06-23', 180, 1, 'Consuntivo da attivita GitHub verificata: packaging Mac agent, notarizzazione e operator docs.', CURRENT_TIMESTAMP, CURRENT_TIMESTAMP),
  ('time_axel_github_20260622_tetha_ai_ocr_pdf', 'org_demo_righello', 'mem_axel_wearerighello', 'task_axel_github_20260621_20260626_tetha_ai_ocr_pdf', 'project_internal_tetha', 'client_internal_righello_ops', '2026-06-22', 120, 1, 'Consuntivo da attivita GitHub verificata: MiniMax fallback e OCR router.', CURRENT_TIMESTAMP, CURRENT_TIMESTAMP),
  ('time_axel_github_20260625_tetha_ai_ocr_pdf', 'org_demo_righello', 'mem_axel_wearerighello', 'task_axel_github_20260621_20260626_tetha_ai_ocr_pdf', 'project_internal_tetha', 'client_internal_righello_ops', '2026-06-25', 120, 1, 'Consuntivo da attivita GitHub verificata: PDF offerte e endpoint OCR server-side.', CURRENT_TIMESTAMP, CURRENT_TIMESTAMP),
  ('time_axel_github_20260622_revolut_trading_runtime', 'org_demo_righello', 'mem_axel_wearerighello', 'task_axel_github_20260621_20260626_revolut_trading_runtime', 'project_internal_revolut_crypto_scalper', 'client_internal_righello_ops', '2026-06-22', 180, 1, 'Consuntivo da attivita GitHub verificata: signal engine e runtime fallback.', CURRENT_TIMESTAMP, CURRENT_TIMESTAMP),
  ('time_axel_github_20260624_revolut_trading_runtime', 'org_demo_righello', 'mem_axel_wearerighello', 'task_axel_github_20260621_20260626_revolut_trading_runtime', 'project_internal_revolut_crypto_scalper', 'client_internal_righello_ops', '2026-06-24', 240, 1, 'Consuntivo da attivita GitHub verificata: exits, risk engine, caps e test runtime.', CURRENT_TIMESTAMP, CURRENT_TIMESTAMP),
  ('time_axel_github_20260621_headroom_minimax_proxy', 'org_demo_righello', 'mem_axel_wearerighello', 'task_axel_github_20260621_20260626_headroom_minimax_proxy', 'project_internal_headroom', 'client_internal_righello_ops', '2026-06-21', 120, 1, 'Consuntivo da attivita GitHub verificata: MiniMax proxy/dashboard su fork Headroom.', CURRENT_TIMESTAMP, CURRENT_TIMESTAMP),
  ('time_axel_github_20260625_headroom_minimax_proxy', 'org_demo_righello', 'mem_axel_wearerighello', 'task_axel_github_20260621_20260626_headroom_minimax_proxy', 'project_internal_headroom', 'client_internal_righello_ops', '2026-06-25', 240, 1, 'Consuntivo da attivita GitHub verificata: pricing fallback, savings tracker e streaming handler.', CURRENT_TIMESTAMP, CURRENT_TIMESTAMP),
  ('time_axel_github_20260623_reguta_unlimited_ocr', 'org_demo_righello', 'mem_axel_wearerighello', 'task_axel_github_20260621_20260626_reguta_unlimited_ocr', 'project_internal_reguta_gest', 'client_internal_righello_ops', '2026-06-23', 120, 1, 'Consuntivo da attivita GitHub verificata: Unlimited-OCR, VPS FastAPI e reanalysis machinery.', CURRENT_TIMESTAMP, CURRENT_TIMESTAMP),
  ('time_axel_github_20260624_portopiccolo_admin_seo_uploads', 'org_demo_righello', 'mem_axel_wearerighello', 'task_axel_github_20260621_20260626_portopiccolo_admin_seo_uploads', 'project_internal_portopiccolo', 'client_rig_ppap', '2026-06-24', 120, 1, 'Consuntivo da attivita GitHub verificata: admin CMS, upload HEIC e SEO indexing.', CURRENT_TIMESTAMP, CURRENT_TIMESTAMP),
  ('time_axel_github_20260626_portopiccolo_admin_seo_uploads', 'org_demo_righello', 'mem_axel_wearerighello', 'task_axel_github_20260621_20260626_portopiccolo_admin_seo_uploads', 'project_internal_portopiccolo', 'client_rig_ppap', '2026-06-26', 60, 1, 'Consuntivo da attivita GitHub verificata: cleanup artifacts e follow-up workflow.', CURRENT_TIMESTAMP, CURRENT_TIMESTAMP),
  ('time_axel_github_20260624_dico_seo_content', 'org_demo_righello', 'mem_axel_wearerighello', 'task_axel_github_20260621_20260626_dico_seo_content', 'project_internal_dico_online_site', 'client_internal_righello_ops', '2026-06-24', 180, 1, 'Consuntivo da attivita GitHub verificata: struttura contenuti, SEO pack e homepage DICO.', CURRENT_TIMESTAMP, CURRENT_TIMESTAMP),
  ('time_axel_github_20260623_portopiccolo_finance_suite', 'org_demo_righello', 'mem_axel_wearerighello', 'task_axel_github_20260621_20260626_portopiccolo_finance_suite', 'project_internal_portopiccolo_finance', 'client_rig_ppap', '2026-06-23', 180, 1, 'Consuntivo da attivita GitHub verificata: estrazione finance suite e tooling iniziale.', CURRENT_TIMESTAMP, CURRENT_TIMESTAMP),
  ('time_axel_github_20260626_portopiccolo_finance_suite', 'org_demo_righello', 'mem_axel_wearerighello', 'task_axel_github_20260621_20260626_portopiccolo_finance_suite', 'project_internal_portopiccolo_finance', 'client_rig_ppap', '2026-06-26', 60, 1, 'Consuntivo da attivita GitHub verificata: test helper tooling e go-live pack.', CURRENT_TIMESTAMP, CURRENT_TIMESTAMP),
  ('time_axel_github_20260626_righello_site_seo_ci', 'org_demo_righello', 'mem_axel_wearerighello', 'task_axel_github_20260621_20260626_righello_site_seo_ci', 'project_internal_righello_site', 'client_internal_righello_ops', '2026-06-26', 60, 1, 'Consuntivo da attivita GitHub verificata: SEO gap, manifest, sitemap e CI/CD failure follow-up.', CURRENT_TIMESTAMP, CURRENT_TIMESTAMP),
  ('time_axel_github_20260625_gusto_raffinato_scanner_menu', 'org_demo_righello', 'mem_axel_wearerighello', 'task_axel_github_20260621_20260626_gusto_raffinato_scanner_menu', 'project_internal_gusto_raffinato', 'client_internal_righello_ops', '2026-06-25', 60, 1, 'Consuntivo da attivita GitHub verificata: table scanner gateway produzione e Restaurant OS menu.', CURRENT_TIMESTAMP, CURRENT_TIMESTAMP),
  ('time_axel_github_20260626_gusto_raffinato_scanner_menu', 'org_demo_righello', 'mem_axel_wearerighello', 'task_axel_github_20260621_20260626_gusto_raffinato_scanner_menu', 'project_internal_gusto_raffinato', 'client_internal_righello_ops', '2026-06-26', 30, 1, 'Consuntivo da attivita GitHub verificata: remote vision/configurazioni gateway.', CURRENT_TIMESTAMP, CURRENT_TIMESTAMP)
ON CONFLICT(id) DO UPDATE SET
  member_id = excluded.member_id,
  task_id = excluded.task_id,
  project_id = excluded.project_id,
  client_id = excluded.client_id,
  entry_date = excluded.entry_date,
  minutes = excluded.minutes,
  billable = excluded.billable,
  note = excluded.note,
  updated_at = CURRENT_TIMESTAMP;

UPDATE tasks
SET actual_minutes = (
  SELECT COALESCE(SUM(time_entries.minutes), 0)
  FROM time_entries
  WHERE time_entries.task_id = tasks.id
),
updated_at = CURRENT_TIMESTAMP
WHERE organization_id = 'org_demo_righello'
  AND assignee_member_id = 'mem_axel_wearerighello'
  AND id IN (
    'task_axel_github_20260621_20260626_optima_mcp_oauth_ci_presence',
    'task_axel_github_20260621_20260626_obs_davinci_production_pipeline',
    'task_axel_github_20260621_20260626_tetha_ai_ocr_pdf',
    'task_axel_github_20260621_20260626_revolut_trading_runtime',
    'task_axel_github_20260621_20260626_headroom_minimax_proxy',
    'task_axel_github_20260621_20260626_reguta_unlimited_ocr',
    'task_axel_github_20260621_20260626_portopiccolo_admin_seo_uploads',
    'task_axel_github_20260621_20260626_dico_seo_content',
    'task_axel_github_20260621_20260626_portopiccolo_finance_suite',
    'task_axel_github_20260621_20260626_righello_site_seo_ci',
    'task_axel_github_20260621_20260626_gusto_raffinato_scanner_menu'
  );
