-- Idempotent GitHub activity import for Axel Fleureau.
-- Period: 2026-07-02 10:22 -> 2026-07-03 08:24 Europe/Rome.
-- Source: verified GitHub operational activity supplied by Axel.
-- Scope: 147 commits across 9 repositories, 199 files, approx +36350 / -5316 lines.
-- Policy: import repository-level operational tasks and dated value time entries.
-- Note: Portopiccolo booking/images is intentionally not duplicated here because
-- it was already imported from the previous 2026-06-30 -> 2026-07-02 report.

PRAGMA foreign_keys = ON;

INSERT INTO clients (id, organization_id, name, email, company, status, created_at, updated_at)
VALUES
  ('client_internal_righello_ops', 'org_demo_righello', 'Righello', NULL, 'Righello', 'active', '2026-05-22T08:00:00.000Z', CURRENT_TIMESTAMP),
  ('client_internal_canale77', 'org_demo_righello', 'Canale77', NULL, 'Canale77', 'active', '2026-06-11T08:00:00.000Z', CURRENT_TIMESTAMP),
  ('client_internal_dico_online', 'org_demo_righello', 'DICO Online', NULL, 'DICO Online', 'active', '2026-06-11T08:00:00.000Z', CURRENT_TIMESTAMP),
  ('client_internal_gusto_raffinato', 'org_demo_righello', 'Gusto Raffinato', NULL, 'Gusto Raffinato', 'active', '2026-06-11T08:00:00.000Z', CURRENT_TIMESTAMP),
  ('client_rig_ssvo', 'org_demo_righello', 'Solero Sport Village', NULL, 'APOLLO 2000 SRL', 'active', '2026-05-22T08:00:00.000Z', CURRENT_TIMESTAMP)
ON CONFLICT(id) DO UPDATE SET
  name = excluded.name,
  company = excluded.company,
  status = excluded.status,
  updated_at = CURRENT_TIMESTAMP;

INSERT OR IGNORE INTO project_members (project_id, member_id, organization_id, role)
VALUES
  ('project_internal_revolut_crypto_scalper', 'mem_axel_wearerighello', 'org_demo_righello', 'owner'),
  ('project_internal_canale77_ott_platform', 'mem_axel_wearerighello', 'org_demo_righello', 'owner'),
  ('project_internal_obs_padel_stream_overlay', 'mem_axel_wearerighello', 'org_demo_righello', 'owner'),
  ('project_internal_gusto_raffinato', 'mem_axel_wearerighello', 'org_demo_righello', 'owner'),
  ('project_internal_dico_online_site', 'mem_axel_wearerighello', 'org_demo_righello', 'owner'),
  ('project_internal_whatsapp_gateway', 'mem_axel_wearerighello', 'org_demo_righello', 'owner'),
  ('project_internal_solero_sport_village', 'mem_axel_wearerighello', 'org_demo_righello', 'owner'),
  ('project_internal_righello_site', 'mem_axel_wearerighello', 'org_demo_righello', 'owner');

INSERT INTO tasks (
  id, organization_id, project_id, assignee_member_id, title, description,
  status, priority, estimated_minutes, actual_minutes, due_at, created_at, updated_at,
  column_id, client_id, client_name, work_mode, type, score, rich_description, assignee_name,
  tags_json, attachments_json, comments_json, sub_items_json, created_by_member_id,
  assignment_status, assignment_requested_by_member_id, assignment_requested_at, assignment_responded_at
)
VALUES
  (
    'task_axel_github_20260702_20260703_revolut_risk_engine_entries_exits',
    'org_demo_righello',
    'project_internal_revolut_crypto_scalper',
    'mem_axel_wearerighello',
    '2026-07-02/03 - Revolut risk engine entrate/uscite',
    'Rafforzamento risk engine, cash-rich probes, derisk, residual losers, cohort blockers e sizing.',
    'done',
    'urgent',
    210,
    210,
    '2026-07-03T08:24:00.000Z',
    '2026-07-02T10:22:00.000Z',
    CURRENT_TIMESTAMP,
    'done',
    'client_internal_righello_ops',
    'Righello',
    'remote',
    'Trading Automation / Risk',
    10,
    'Attivita GitHub verificata su Revolut Crypto Scalper: cash-rich probes, major reserve probes, proven symbol retest, technical retest, blocchi su simboli freddi/long-memory losers/drip-loss/source cohort underwater, residual loser exits, stale deep losers, architect-avoid losers, mixed entry exits, sizing caps, persistenza/audit ordini e test estesi su worker buy guards, market scanner, risk engine e signal engine.',
    'Axel Fleureau',
    '["github-real","2026-07-02","2026-07-03","revolut-crypto-scalper","risk-engine","trading","remote"]',
    '[]',
    '[]',
    '[]',
    'mem_axel_wearerighello',
    'accepted',
    'mem_axel_wearerighello',
    '2026-07-02T10:22:00.000Z',
    '2026-07-03T08:24:00.000Z'
  ),
  (
    'task_axel_github_20260702_20260703_canale77_smart_tv_hls_release',
    'org_demo_righello',
    'project_internal_canale77_ott_platform',
    'mem_axel_wearerighello',
    '2026-07-02/03 - Canale77 Smart TV e pipeline HLS/VPS',
    'Preparazione release Smart TV, readiness gate, tooling deploy, verifica HLS e supporto LG/Android TV.',
    'done',
    'urgent',
    150,
    150,
    '2026-07-03T08:24:00.000Z',
    '2026-07-02T11:00:00.000Z',
    CURRENT_TIMESTAMP,
    'done',
    'client_internal_canale77',
    'Canale77',
    'remote',
    'OTT Platform / Smart TV',
    10,
    'Attivita GitHub verificata su Canale77 OTT Platform: pipeline HLS media, pacchetti TV, readiness gate, lab readiness check, validazione report, helper installazione LG/Android TV, screenshot store, metadata manifest, UX Smart TV con rails/focused cards/card motion/focus rail/support page, documentazione deploy TV e tooling VPS con preflight, cutover, monitor, smoke, upload dropbox e dry-run deploy.',
    'Axel Fleureau',
    '["github-real","2026-07-02","2026-07-03","canale77","smart-tv","hls","vps","remote"]',
    '[]',
    '[]',
    '[]',
    'mem_axel_wearerighello',
    'accepted',
    'mem_axel_wearerighello',
    '2026-07-02T11:00:00.000Z',
    '2026-07-03T08:24:00.000Z'
  ),
  (
    'task_axel_github_20260702_20260703_obs_football_scorebug_hardening',
    'org_demo_righello',
    'project_internal_obs_padel_stream_overlay',
    'mem_axel_wearerighello',
    '2026-07-02 - OBS calcio scorebug e workflow palmare',
    'Hardening produzione calcio con scorebug, overlay, clock sync, idempotenza marker e render highlights-only.',
    'done',
    'urgent',
    105,
    105,
    '2026-07-02T22:30:00.000Z',
    '2026-07-02T12:00:00.000Z',
    CURRENT_TIMESTAMP,
    'done',
    'client_internal_righello_ops',
    'Righello',
    'remote',
    'Live Production / Football',
    10,
    'Attivita GitHub verificata su OBS Padel Stream Overlay: workflow produzione calcio e palmare, sync orologio football con server time, protezione scritture remote stale, loghi/circuit crest da FTP, fallback scorebug, badge circuito, red card, overtime, lanner/sponsor overlay, idempotenza production marker, render replay highlights-only, popup eventi arbitro e antialiasing overlay render differito.',
    'Axel Fleureau',
    '["github-real","2026-07-02","obs-padel-stream-overlay","football","scorebug","remote"]',
    '[]',
    '[]',
    '[]',
    'mem_axel_wearerighello',
    'accepted',
    'mem_axel_wearerighello',
    '2026-07-02T12:00:00.000Z',
    '2026-07-02T22:30:00.000Z'
  ),
  (
    'task_axel_github_20260702_20260703_gusto_restaurant_os_scanner',
    'org_demo_righello',
    'project_internal_gusto_raffinato',
    'mem_axel_wearerighello',
    '2026-07-02 - Gusto Restaurant OS e scanner tavoli',
    'Stabilizzazione Restaurant OS, scanner tavoli, UI consumer/local e backend Hermes.',
    'done',
    'high',
    75,
    75,
    '2026-07-02T22:30:00.000Z',
    '2026-07-02T13:00:00.000Z',
    CURRENT_TIMESTAMP,
    'done',
    'client_internal_gusto_raffinato',
    'Gusto Raffinato',
    'remote',
    'Mobile / AI Vision',
    9,
    'Attivita GitHub verificata su Gusto Raffinato: dashboard Restaurant OS, view model operativo, table vision remota, scanner UI, integrazione Google Places, server Hermes, UI local, consumer tabs, ricerca posizione, local menu, smoke readiness e test UI/model/table vision.',
    'Axel Fleureau',
    '["github-real","2026-07-02","gusto-raffinato","restaurant-os","table-vision","remote"]',
    '[]',
    '[]',
    '[]',
    'mem_axel_wearerighello',
    'accepted',
    'mem_axel_wearerighello',
    '2026-07-02T13:00:00.000Z',
    '2026-07-02T22:30:00.000Z'
  ),
  (
    'task_axel_github_20260702_20260703_dico_concept_v3',
    'org_demo_righello',
    'project_internal_dico_online_site',
    'mem_axel_wearerighello',
    '2026-07-02 - DICO concept versione 3',
    'Nuova variante creativa DICO con hero immersiva, finestra messaggio, footer kinetico e CTA.',
    'done',
    'high',
    60,
    60,
    '2026-07-02T22:30:00.000Z',
    '2026-07-02T14:00:00.000Z',
    CURRENT_TIMESTAMP,
    'done',
    'client_internal_dico_online',
    'DICO Online',
    'remote',
    'Frontend / Concept Design',
    9,
    'Attivita GitHub verificata su DICO Online Site: terza versione concept, hero window da reference/source fornita, materiale grafico finestra/messaggio, animazione hero scroll, active nav glass, footer kinetico, interazione CTA messaggio e image reference cards.',
    'Axel Fleureau',
    '["github-real","2026-07-02","dico-online-site","concept-v3","ui-ux","remote"]',
    '[]',
    '[]',
    '[]',
    'mem_axel_wearerighello',
    'accepted',
    'mem_axel_wearerighello',
    '2026-07-02T14:00:00.000Z',
    '2026-07-02T22:30:00.000Z'
  ),
  (
    'task_axel_github_20260702_20260703_whatsapp_inbound_go_live',
    'org_demo_righello',
    'project_internal_whatsapp_gateway',
    'mem_axel_wearerighello',
    '2026-07-02 - WhatsApp inbound go-live readiness',
    'Controllo qualita inbound, readiness watcher e dashboard go-live verification.',
    'done',
    'high',
    45,
    45,
    '2026-07-02T22:30:00.000Z',
    '2026-07-02T15:00:00.000Z',
    CURRENT_TIMESTAMP,
    'done',
    'client_internal_righello_ops',
    'Righello',
    'remote',
    'Backend / Bot WhatsApp',
    8,
    'Attivita GitHub verificata su whatsapp-web.js: conversation quality stress suite, primary inbound diagnostics persistiti, readiness watcher, stato primary inbound watch, report go-live, comando go-live verification, dashboard, riduzione warning transitorio, runbook primary inbound gate e gestione scadenza readiness.',
    'Axel Fleureau',
    '["github-real","2026-07-02","whatsapp-web-js","go-live","diagnostics","remote"]',
    '[]',
    '[]',
    '[]',
    'mem_axel_wearerighello',
    'accepted',
    'mem_axel_wearerighello',
    '2026-07-02T15:00:00.000Z',
    '2026-07-02T22:30:00.000Z'
  ),
  (
    'task_axel_github_20260702_20260703_solero_homepage_performance',
    'org_demo_righello',
    'project_internal_solero_sport_village',
    'mem_axel_wearerighello',
    '2026-07-02 - Solero homepage e performance pubblica',
    'Rifinitura homepage Solero, hero, heritage, gallery, footer, performance e scroll cue mobile.',
    'done',
    'high',
    45,
    45,
    '2026-07-02T22:30:00.000Z',
    '2026-07-02T16:00:00.000Z',
    CURRENT_TIMESTAMP,
    'done',
    'client_rig_ssvo',
    'Solero Sport Village',
    'remote',
    'Frontend / Performance',
    8,
    'Attivita GitHub verificata su Solero Sport Village: feedback QA, hero subtitle/treatment, gradienti di transizione, spacing heritage, stabilizzazione mosaic finale, sticky gallery chapter copy, contrasto scroll cue, scroll cue mobile, performance sito pubblico e rimozione preload iniziale Mapbox.',
    'Axel Fleureau',
    '["github-real","2026-07-02","solero-sport-village","frontend","performance","remote"]',
    '[]',
    '[]',
    '[]',
    'mem_axel_wearerighello',
    'accepted',
    'mem_axel_wearerighello',
    '2026-07-02T16:00:00.000Z',
    '2026-07-02T22:30:00.000Z'
  ),
  (
    'task_axel_github_20260702_20260703_righello_projects_followup',
    'org_demo_righello',
    'project_internal_righello_site',
    'mem_axel_wearerighello',
    '2026-07-02 - Righello progetti follow-up post-cutoff',
    'Verifica post-cutoff della pagina progetti gia consuntivata nel report precedente.',
    'done',
    'medium',
    15,
    15,
    '2026-07-02T22:30:00.000Z',
    '2026-07-02T17:00:00.000Z',
    CURRENT_TIMESTAMP,
    'done',
    'client_internal_righello_ops',
    'Righello',
    'remote',
    'Frontend / Performance',
    7,
    'Quota minima di follow-up GitHub verificato su Righello Site: la rifattorizzazione principale della pagina progetti era gia stata consuntivata nel report 2026-06-30 -> 2026-07-02; qui resta solo la verifica/push post-cutoff per evitare doppio conteggio.',
    'Axel Fleureau',
    '["github-real","2026-07-02","righello-site","follow-up","no-duplicate","remote"]',
    '[]',
    '[]',
    '[]',
    'mem_axel_wearerighello',
    'accepted',
    'mem_axel_wearerighello',
    '2026-07-02T17:00:00.000Z',
    '2026-07-02T22:30:00.000Z'
  )
ON CONFLICT(id) DO UPDATE SET
  project_id = excluded.project_id,
  assignee_member_id = excluded.assignee_member_id,
  title = excluded.title,
  description = excluded.description,
  status = excluded.status,
  priority = excluded.priority,
  estimated_minutes = excluded.estimated_minutes,
  actual_minutes = excluded.actual_minutes,
  due_at = excluded.due_at,
  updated_at = CURRENT_TIMESTAMP,
  column_id = excluded.column_id,
  client_id = excluded.client_id,
  client_name = excluded.client_name,
  work_mode = excluded.work_mode,
  type = excluded.type,
  score = excluded.score,
  rich_description = excluded.rich_description,
  assignee_name = excluded.assignee_name,
  tags_json = excluded.tags_json,
  assignment_status = excluded.assignment_status,
  assignment_requested_by_member_id = excluded.assignment_requested_by_member_id,
  assignment_requested_at = excluded.assignment_requested_at,
  assignment_responded_at = excluded.assignment_responded_at;

INSERT INTO time_entries (
  id, organization_id, member_id, task_id, project_id, client_id, entry_date,
  minutes, billable, note, work_mode, created_at, updated_at
)
VALUES
  ('time_axel_github_20260702_revolut_risk_engine_entries_exits', 'org_demo_righello', 'mem_axel_wearerighello', 'task_axel_github_20260702_20260703_revolut_risk_engine_entries_exits', 'project_internal_revolut_crypto_scalper', 'client_internal_righello_ops', '2026-07-02', 150, 1, 'Consuntivo GitHub verificato: risk engine, blockers, exits e sizing post-cutoff.', 'remote', CURRENT_TIMESTAMP, CURRENT_TIMESTAMP),
  ('time_axel_github_20260703_revolut_risk_engine_entries_exits', 'org_demo_righello', 'mem_axel_wearerighello', 'task_axel_github_20260702_20260703_revolut_risk_engine_entries_exits', 'project_internal_revolut_crypto_scalper', 'client_internal_righello_ops', '2026-07-03', 60, 1, 'Consuntivo GitHub verificato fino alle 08:24: chiusura controlli risk engine e test.', 'remote', CURRENT_TIMESTAMP, CURRENT_TIMESTAMP),
  ('time_axel_github_20260702_canale77_smart_tv_hls_release', 'org_demo_righello', 'mem_axel_wearerighello', 'task_axel_github_20260702_20260703_canale77_smart_tv_hls_release', 'project_internal_canale77_ott_platform', 'client_internal_canale77', '2026-07-02', 120, 1, 'Consuntivo GitHub verificato: Smart TV package, HLS/VPS tooling e readiness.', 'remote', CURRENT_TIMESTAMP, CURRENT_TIMESTAMP),
  ('time_axel_github_20260703_canale77_smart_tv_hls_release', 'org_demo_righello', 'mem_axel_wearerighello', 'task_axel_github_20260702_20260703_canale77_smart_tv_hls_release', 'project_internal_canale77_ott_platform', 'client_internal_canale77', '2026-07-03', 30, 1, 'Consuntivo GitHub verificato fino alle 08:24: verifica release Smart TV.', 'remote', CURRENT_TIMESTAMP, CURRENT_TIMESTAMP),
  ('time_axel_github_20260702_obs_football_scorebug_hardening', 'org_demo_righello', 'mem_axel_wearerighello', 'task_axel_github_20260702_20260703_obs_football_scorebug_hardening', 'project_internal_obs_padel_stream_overlay', 'client_internal_righello_ops', '2026-07-02', 105, 1, 'Consuntivo GitHub verificato: scorebug, clock sync, marker idempotenti e highlights-only.', 'remote', CURRENT_TIMESTAMP, CURRENT_TIMESTAMP),
  ('time_axel_github_20260702_gusto_restaurant_os_scanner', 'org_demo_righello', 'mem_axel_wearerighello', 'task_axel_github_20260702_20260703_gusto_restaurant_os_scanner', 'project_internal_gusto_raffinato', 'client_internal_gusto_raffinato', '2026-07-02', 75, 1, 'Consuntivo GitHub verificato: Restaurant OS, scanner tavoli, Hermes e test.', 'remote', CURRENT_TIMESTAMP, CURRENT_TIMESTAMP),
  ('time_axel_github_20260702_dico_concept_v3', 'org_demo_righello', 'mem_axel_wearerighello', 'task_axel_github_20260702_20260703_dico_concept_v3', 'project_internal_dico_online_site', 'client_internal_dico_online', '2026-07-02', 60, 1, 'Consuntivo GitHub verificato: DICO concept v3, hero, footer e CTA.', 'remote', CURRENT_TIMESTAMP, CURRENT_TIMESTAMP),
  ('time_axel_github_20260702_whatsapp_inbound_go_live', 'org_demo_righello', 'mem_axel_wearerighello', 'task_axel_github_20260702_20260703_whatsapp_inbound_go_live', 'project_internal_whatsapp_gateway', 'client_internal_righello_ops', '2026-07-02', 45, 1, 'Consuntivo GitHub verificato: inbound diagnostics, watcher e go-live verification.', 'remote', CURRENT_TIMESTAMP, CURRENT_TIMESTAMP),
  ('time_axel_github_20260702_solero_homepage_performance', 'org_demo_righello', 'mem_axel_wearerighello', 'task_axel_github_20260702_20260703_solero_homepage_performance', 'project_internal_solero_sport_village', 'client_rig_ssvo', '2026-07-02', 45, 1, 'Consuntivo GitHub verificato: homepage, performance e mobile scroll cue.', 'remote', CURRENT_TIMESTAMP, CURRENT_TIMESTAMP),
  ('time_axel_github_20260702_righello_projects_followup', 'org_demo_righello', 'mem_axel_wearerighello', 'task_axel_github_20260702_20260703_righello_projects_followup', 'project_internal_righello_site', 'client_internal_righello_ops', '2026-07-02', 15, 1, 'Consuntivo GitHub verificato: follow-up pagina progetti gia importata, senza doppio conteggio.', 'remote', CURRENT_TIMESTAMP, CURRENT_TIMESTAMP)
ON CONFLICT(id) DO UPDATE SET
  task_id = excluded.task_id,
  project_id = excluded.project_id,
  client_id = excluded.client_id,
  entry_date = excluded.entry_date,
  minutes = excluded.minutes,
  billable = excluded.billable,
  note = excluded.note,
  work_mode = excluded.work_mode,
  updated_at = CURRENT_TIMESTAMP;

INSERT INTO work_days (
  id, organization_id, member_id, entry_date, check_in_at, check_out_at,
  status, absence_reason, notes, created_at, updated_at
)
VALUES
  ('workday_axel_github_20260702_normalized', 'org_demo_righello', 'mem_axel_wearerighello', '2026-07-02', '2026-07-02T09:00:00+02:00', '2026-07-02T22:30:00+02:00', 'closed', NULL, 'Normalizzato da consuntivi GitHub verificati: 720 minuti task di valore totali sul 2 luglio, presenza estesa da titolare.', CURRENT_TIMESTAMP, CURRENT_TIMESTAMP),
  ('workday_axel_github_20260703_open', 'org_demo_righello', 'mem_axel_wearerighello', '2026-07-03', '2026-07-03T07:30:00+02:00', NULL, 'open', NULL, 'Giornata aperta: report GitHub verificato fino alle 08:24 Europe/Rome, 90 minuti gia registrati.', CURRENT_TIMESTAMP, CURRENT_TIMESTAMP)
ON CONFLICT(organization_id, member_id, entry_date) DO UPDATE SET
  check_in_at = excluded.check_in_at,
  check_out_at = excluded.check_out_at,
  status = excluded.status,
  absence_reason = excluded.absence_reason,
  notes = excluded.notes,
  updated_at = CURRENT_TIMESTAMP;

UPDATE tasks
SET actual_minutes = (
  SELECT COALESCE(SUM(time_entries.minutes), 0)
  FROM time_entries
  WHERE time_entries.organization_id = tasks.organization_id
    AND time_entries.task_id = tasks.id
),
updated_at = CURRENT_TIMESTAMP
WHERE organization_id = 'org_demo_righello'
  AND assignee_member_id = 'mem_axel_wearerighello'
  AND id IN (
    'task_axel_github_20260702_20260703_revolut_risk_engine_entries_exits',
    'task_axel_github_20260702_20260703_canale77_smart_tv_hls_release',
    'task_axel_github_20260702_20260703_obs_football_scorebug_hardening',
    'task_axel_github_20260702_20260703_gusto_restaurant_os_scanner',
    'task_axel_github_20260702_20260703_dico_concept_v3',
    'task_axel_github_20260702_20260703_whatsapp_inbound_go_live',
    'task_axel_github_20260702_20260703_solero_homepage_performance',
    'task_axel_github_20260702_20260703_righello_projects_followup'
  );
